timestamp,cpu_usage_percent,memory_usage_percent,request_latency_ms,error_rate_percent,active_connections,transaction_count,failed_transactions,is_anomaly,anomaly_type
2026-05-17 09:24:51.606390,30.37,25.26,111.25,3.89,587,566,25,0,normal
2026-05-17 09:29:51.606390,28.47,30.54,164.24,2.26,309,812,20,0,normal
2026-05-17 09:34:51.606390,30.83,26.79,151.06,3.31,445,791,28,0,normal
2026-05-17 09:39:51.606390,33.45,29.39,128.91,2.66,398,563,21,0,normal
2026-05-17 09:44:51.606390,28.18,29.82,134.89,3.98,334,638,26,0,normal
2026-05-17 09:49:51.606390,28.19,31.99,114.9,2.59,280,538,16,0,normal
2026-05-17 09:54:51.606390,33.63,26.65,141.72,2.57,367,671,20,0,normal
2026-05-17 09:59:51.606390,31.19,23.23,158.56,2.7,461,723,22,0,normal
2026-05-17 10:04:51.606390,29.3,30.91,99.21,3.41,649,606,27,0,normal
2026-05-17 10:09:51.606390,32.34,34.14,156.69,5.37,381,777,45,0,normal
2026-05-17 10:14:51.606390,29.32,33.02,175.68,2.11,563,802,20,0,normal
2026-05-17 10:19:51.606390,29.31,30.96,135.26,2.09,556,804,21,0,normal
2026-05-17 10:24:51.606390,31.44,29.56,168.74,4.8,701,784,38,0,normal
2026-05-17 10:29:51.606390,24.98,32.15,232.17,2.79,591,616,20,0,normal
2026-05-17 10:34:51.606390,25.54,28.59,144.6,2.99,597,727,26,0,normal
2026-05-17 10:39:51.606390,29.03,31.49,159.54,2.69,604,774,29,0,normal
2026-05-17 10:44:51.606390,27.68,31.55,125.61,2.13,442,885,22,0,normal
2026-05-17 10:49:51.606390,31.66,32.66,153.2,3.49,477,739,27,0,normal
2026-05-17 10:54:51.606390,28.0,36.06,161.57,3.41,646,781,31,0,normal
2026-05-17 10:59:51.606390,26.49,31.32,153.62,2.4,329,646,17,0,normal
2026-05-17 11:04:51.606390,36.61,30.57,127.12,2.55,506,673,20,0,normal
2026-05-17 11:09:51.606390,31.54,31.53,163.91,4.01,441,660,27,0,normal
2026-05-17 11:14:51.606390,32.42,28.05,201.6,2.26,597,747,23,0,normal
2026-05-17 11:19:51.606390,27.95,30.19,171.2,4.32,532,995,46,0,normal
2026-05-17 11:24:51.606390,30.59,30.77,186.61,2.48,637,749,22,0,normal
2026-05-17 11:29:51.606390,32.56,30.54,150.65,3.09,563,825,30,0,normal
2026-05-17 11:34:51.606390,28.77,31.89,180.26,4.94,419,845,48,0,normal
2026-05-17 11:39:51.606390,33.36,29.94,166.15,3.32,424,680,24,0,normal
2026-05-17 11:44:51.606390,30.43,33.83,129.25,2.72,573,745,23,0,normal
2026-05-17 11:49:51.606390,31.36,31.58,167.35,3.36,497,851,31,0,normal
2026-05-17 11:54:51.606390,30.43,31.57,128.05,2.61,521,832,25,0,normal
2026-05-17 11:59:51.606390,37.79,30.93,138.82,2.51,668,590,18,0,normal
2026-05-17 12:04:51.606390,33.3,32.67,170.88,8.01,680,885,74,0,normal
2026-05-17 12:09:51.606390,30.17,34.01,174.13,3.69,784,771,29,0,normal
2026-05-17 12:14:51.606390,35.82,30.63,129.54,3.34,572,774,27,0,normal
2026-05-17 12:19:51.606390,29.69,31.04,196.85,2.74,540,867,25,0,normal
2026-05-17 12:24:51.606390,33.98,31.75,182.4,2.35,646,978,27,0,normal
2026-05-17 12:29:51.606390,27.47,29.67,144.1,2.34,548,806,20,0,normal
2026-05-17 12:34:51.606390,29.37,30.72,119.13,3.11,551,944,31,0,normal
2026-05-17 12:39:51.606390,33.95,31.41,160.91,3.74,584,682,27,0,normal
2026-05-17 12:44:51.606390,35.57,34.11,151.89,3.07,769,839,29,0,normal
2026-05-17 12:49:51.606390,33.87,32.89,168.67,4.14,674,772,33,0,normal
2026-05-17 12:54:51.606390,33.01,32.75,154.39,2.34,685,855,22,0,normal
2026-05-17 12:59:51.606390,32.46,34.06,105.07,2.76,765,797,24,0,normal
2026-05-17 13:04:51.606390,29.61,32.56,158.21,2.65,713,715,23,0,normal
2026-05-17 13:09:51.606390,31.89,33.62,160.7,2.97,509,761,26,0,normal
2026-05-17 13:14:51.606390,32.67,32.63,188.88,2.45,711,685,18,0,normal
2026-05-17 13:19:51.606390,37.22,33.37,148.94,5.46,724,719,43,0,normal
2026-05-17 13:24:51.606390,35.09,31.67,220.25,2.63,688,897,26,0,normal
2026-05-17 13:29:51.606390,28.77,27.96,112.55,4.93,603,824,44,0,normal
2026-05-17 13:34:51.606390,35.03,32.57,209.24,2.93,677,873,30,0,normal
2026-05-17 13:39:51.606390,32.91,35.68,163.19,6.61,620,1031,70,0,normal
2026-05-17 13:44:51.606390,32.03,34.69,195.71,3.18,525,820,29,0,normal
2026-05-17 13:49:51.606390,35.9,34.77,172.33,5.05,550,913,50,0,normal
2026-05-17 13:54:51.606390,37.16,35.31,204.13,2.38,693,853,22,0,normal
2026-05-17 13:59:51.606390,36.86,33.02,158.33,3.76,532,1126,44,0,normal
2026-05-17 14:04:51.606390,31.78,33.39,138.54,4.73,548,556,29,0,normal
2026-05-17 14:09:51.606390,33.37,31.76,214.12,2.55,704,786,28,0,normal
2026-05-17 14:14:51.606390,35.3,32.37,168.11,2.5,642,923,28,0,normal
2026-05-17 14:19:51.606390,37.23,34.23,178.17,2.95,687,782,25,0,normal
2026-05-17 14:24:51.606390,32.87,35.41,208.58,93.73,506,914,856,1,error_spike
2026-05-17 14:29:51.606390,33.75,32.72,140.59,3.18,684,852,29,0,normal
2026-05-17 14:34:51.606390,30.99,32.1,189.42,3.15,563,944,30,0,normal
2026-05-17 14:39:51.606390,30.72,33.0,153.87,2.55,527,745,22,0,normal
2026-05-17 14:44:51.606390,36.75,34.2,167.61,2.4,579,875,23,0,normal
2026-05-17 14:49:51.606390,38.38,30.11,173.75,4.06,765,905,41,0,normal
2026-05-17 14:54:51.606390,34.1,28.41,126.58,2.49,593,871,23,0,normal
2026-05-17 14:59:51.606390,37.33,31.9,148.23,3.4,849,873,33,0,normal
2026-05-17 15:04:51.606390,35.18,30.4,210.6,4.84,417,971,50,0,normal
2026-05-17 15:09:51.606390,32.16,31.82,196.66,2.61,468,682,20,0,normal
2026-05-17 15:14:51.606390,35.18,32.54,168.21,3.47,756,863,32,0,normal
2026-05-17 15:19:51.606390,38.71,31.93,177.39,2.46,781,730,22,0,normal
2026-05-17 15:24:51.606390,33.99,35.74,161.28,3.3,537,926,34,0,normal
2026-05-17 15:29:51.606390,38.79,33.49,210.81,2.55,630,767,24,0,normal
2026-05-17 15:34:51.606390,26.24,33.44,164.11,3.71,694,603,24,0,normal
2026-05-17 15:39:51.606390,36.57,34.08,177.09,2.73,600,929,27,0,normal
2026-05-17 15:44:51.606390,34.37,30.56,204.52,3.0,638,824,27,0,normal
2026-05-17 15:49:51.606390,33.21,34.92,146.83,3.29,624,886,35,0,normal
2026-05-17 15:54:51.606390,34.38,32.69,216.92,2.56,475,993,25,0,normal
2026-05-17 15:59:51.606390,28.15,34.18,124.25,3.73,589,888,35,0,normal
2026-05-17 16:04:51.606390,32.77,30.22,214.5,2.66,606,845,27,0,normal
2026-05-17 16:09:51.606390,34.5,29.25,154.44,3.39,616,823,29,0,normal
2026-05-17 16:14:51.606390,37.87,34.0,158.35,2.48,432,713,21,0,normal
2026-05-17 16:19:51.606390,31.88,33.11,108.94,3.47,681,807,32,0,normal
2026-05-17 16:24:51.606390,31.01,30.56,152.01,2.44,618,1026,27,0,normal
2026-05-17 16:29:51.606390,31.93,30.62,134.46,2.86,500,791,25,0,normal
2026-05-17 16:34:51.606390,36.18,34.61,147.44,2.59,785,813,24,0,normal
2026-05-17 16:39:51.606390,34.43,29.98,161.56,3.68,571,954,40,0,normal
2026-05-17 16:44:51.606390,31.85,35.65,194.42,2.61,577,674,22,0,normal
2026-05-17 16:49:51.606390,34.98,30.56,171.92,4.44,670,890,42,0,normal
2026-05-17 16:54:51.606390,33.74,33.64,174.93,4.53,794,670,31,0,normal
2026-05-17 16:59:51.606390,36.35,31.7,132.84,2.52,674,868,26,0,normal
2026-05-17 17:04:51.606390,30.23,32.79,131.89,3.14,659,789,32,0,normal
2026-05-17 17:09:51.606390,31.36,30.5,212.28,2.28,476,853,27,0,normal
2026-05-17 17:14:51.606390,31.16,31.26,136.27,2.68,585,690,23,0,normal
2026-05-17 17:19:51.606390,27.95,31.67,208.02,3.44,523,738,29,0,normal
2026-05-17 17:24:51.606390,33.23,29.58,151.05,3.26,646,858,30,0,normal
2026-05-17 17:29:51.606390,33.13,33.07,158.42,3.17,656,741,26,0,normal
2026-05-17 17:34:51.606390,32.36,30.56,190.47,2.52,739,53,25,1,transaction_drop
2026-05-17 17:39:51.606390,31.65,31.13,196.52,2.66,360,813,24,0,normal
2026-05-17 17:44:51.606390,28.1,29.6,155.05,2.3,513,747,278,1,failed_transaction_spike
2026-05-17 17:49:51.606390,31.09,26.46,146.73,3.46,706,760,30,0,normal
2026-05-17 17:54:51.606390,31.33,31.2,156.71,2.89,436,792,25,0,normal
2026-05-17 17:59:51.606390,29.95,36.41,168.54,3.42,657,770,31,0,normal
2026-05-17 18:04:51.606390,30.38,32.11,175.17,2.32,650,815,21,0,normal
2026-05-17 18:09:51.606390,32.07,30.5,148.56,2.42,534,705,20,0,normal
2026-05-17 18:14:51.606390,36.52,30.01,167.01,2.44,394,685,21,0,normal
2026-05-17 18:19:51.606390,31.39,30.58,197.6,2.06,524,833,18,0,normal
2026-05-17 18:24:51.606390,31.64,31.63,159.9,2.45,682,700,23,0,normal
2026-05-17 18:29:51.606390,30.65,28.18,157.82,3.66,690,688,28,0,normal
2026-05-17 18:34:51.606390,25.11,32.77,102.91,4.31,557,494,22,0,normal
2026-05-17 18:39:51.606390,30.79,31.97,69.56,2.76,439,638,19,0,normal
2026-05-17 18:44:51.606390,31.05,31.98,160.14,2.64,710,659,19,0,normal
2026-05-17 18:49:51.606390,38.26,31.42,145.65,2.06,619,688,16,0,normal
2026-05-17 18:54:51.606390,30.3,30.58,133.06,4.14,446,670,30,0,normal
2026-05-17 18:59:51.606390,31.78,31.89,155.82,2.04,571,841,23,0,normal
2026-05-17 19:04:51.606390,28.95,30.45,134.54,4.74,518,604,29,0,normal
2026-05-17 19:09:51.606390,25.55,28.56,170.2,2.51,424,612,19,0,normal
2026-05-17 19:14:51.606390,32.49,28.12,138.95,2.26,523,697,20,0,normal
2026-05-17 19:19:51.606390,31.32,29.47,113.97,4.42,599,572,30,0,normal
2026-05-17 19:24:51.606390,31.43,32.36,166.09,1.86,459,838,20,0,normal
2026-05-17 19:29:51.606390,26.33,26.79,129.88,2.71,609,762,24,0,normal
2026-05-17 19:34:51.606390,33.27,26.33,152.19,2.64,313,565,18,0,normal
2026-05-17 19:39:51.606390,24.86,29.6,122.08,2.09,710,783,20,0,normal
2026-05-17 19:44:51.606390,30.83,29.37,116.92,2.4,494,804,22,0,normal
2026-05-17 19:49:51.606390,35.64,29.61,138.94,2.9,596,568,21,0,normal
2026-05-17 19:54:51.606390,26.1,29.75,136.81,3.14,510,566,20,0,normal
2026-05-17 19:59:51.606390,27.37,28.82,150.83,1.84,406,621,16,0,normal
2026-05-17 20:04:51.606390,27.29,30.79,114.49,4.38,429,471,22,0,normal
2026-05-17 20:09:51.606390,25.48,24.61,67.47,1.8,242,535,11,0,normal
2026-05-17 20:14:51.606390,22.34,26.16,109.58,1.89,502,573,14,0,normal
2026-05-17 20:19:51.606390,27.2,27.61,146.39,1.93,452,663,16,0,normal
2026-05-17 20:24:51.606390,23.81,24.53,113.66,1.66,414,621,13,0,normal
2026-05-17 20:29:51.606390,28.42,27.46,115.19,1.75,508,598,13,0,normal
2026-05-17 20:34:51.606390,24.24,31.14,152.18,5.92,437,565,34,0,normal
2026-05-17 20:39:51.606390,31.65,27.86,101.24,2.0,494,482,14,0,normal
2026-05-17 20:44:51.606390,24.65,28.28,76.32,1.74,529,672,19,0,normal
2026-05-17 20:49:51.606390,26.04,25.29,117.79,1.74,378,670,14,0,normal
2026-05-17 20:54:51.606390,29.44,26.58,108.09,2.89,350,551,17,0,normal
2026-05-17 20:59:51.606390,23.31,27.06,93.63,62.37,261,503,313,1,error_spike
2026-05-17 21:04:51.606390,25.43,25.6,102.29,1.68,385,693,17,0,normal
2026-05-17 21:09:51.606390,28.67,28.8,122.3,1.41,418,562,9,0,normal
2026-05-17 21:14:51.606390,19.92,27.35,107.28,1.64,240,577,12,0,normal
2026-05-17 21:19:51.606390,25.3,24.02,116.77,1.44,515,582,12,0,normal
2026-05-17 21:24:51.606390,25.53,26.73,161.97,1.49,291,418,7,0,normal
2026-05-17 21:29:51.606390,27.1,27.24,97.29,1.95,163,688,20,0,normal
2026-05-17 21:34:51.606390,21.04,28.52,115.93,1.65,522,498,10,0,normal
2026-05-17 21:39:51.606390,20.79,29.4,92.31,2.11,176,620,17,0,normal
2026-05-17 21:44:51.606390,26.32,24.21,82.2,1.68,469,684,12,0,normal
2026-05-17 21:49:51.606390,25.65,24.62,90.05,4.21,445,546,25,0,normal
2026-05-17 21:54:51.606390,25.51,23.72,93.24,3.75,405,420,20,0,normal
2026-05-17 21:59:51.606390,25.8,25.77,118.39,2.22,321,289,10,0,normal
2026-05-17 22:04:51.606390,20.37,25.53,162.4,1.58,361,456,10,0,normal
2026-05-17 22:09:51.606390,23.1,26.57,70.45,1.62,415,485,13,0,normal
2026-05-17 22:14:51.606390,23.29,24.45,79.43,1.67,212,402,8,0,normal
2026-05-17 22:19:51.606390,20.27,23.96,90.04,2.44,408,473,17,0,normal
2026-05-17 22:24:51.606390,28.01,24.9,103.82,1.74,403,503,12,0,normal
2026-05-17 22:29:51.606390,23.83,22.93,99.85,3.08,340,559,18,0,normal
2026-05-17 22:34:51.606390,18.84,28.78,130.48,4.02,257,437,26,0,normal
2026-05-17 22:39:51.606390,24.38,21.38,50.0,1.55,404,455,9,0,normal
2026-05-17 22:44:51.606390,19.49,24.97,50.0,1.96,361,442,10,0,normal
2026-05-17 22:49:51.606390,24.78,28.65,77.09,1.24,209,463,10,0,normal
2026-05-17 22:54:51.606390,25.89,24.61,124.89,1.36,274,409,8,0,normal
2026-05-17 22:59:51.606390,19.96,24.22,50.0,1.67,392,408,12,0,normal
2026-05-17 23:04:51.606390,25.31,23.89,50.0,1.37,322,414,8,0,normal
2026-05-17 23:09:51.606390,23.66,24.24,109.12,3.23,419,476,17,0,normal
2026-05-17 23:14:51.606390,24.89,27.35,99.3,1.31,276,375,5,0,normal
2026-05-17 23:19:51.606390,28.11,20.18,59.29,1.75,210,415,11,0,normal
2026-05-17 23:24:51.606390,21.69,27.67,62.43,2.07,530,641,14,0,normal
2026-05-17 23:29:51.606390,20.16,21.75,62.91,2.32,142,550,16,0,normal
2026-05-17 23:34:51.606390,19.76,24.07,95.33,1.62,261,364,10,0,normal
2026-05-17 23:39:51.606390,19.98,23.74,73.22,3.17,339,547,23,0,normal
2026-05-17 23:44:51.606390,22.2,25.78,106.84,1.98,409,523,14,0,normal
2026-05-17 23:49:51.606390,23.45,21.4,50.0,1.72,375,450,14,0,normal
2026-05-17 23:54:51.606390,23.26,25.52,66.32,1.21,542,389,9,0,normal
2026-05-17 23:59:51.606390,24.91,28.65,58.25,1.76,299,378,12,0,normal
2026-05-18 00:04:51.606390,37.43,38.27,145.71,3.62,430,789,31,0,normal
2026-05-18 00:09:51.606390,41.75,41.38,137.26,2.85,496,682,23,0,normal
2026-05-18 00:14:51.606390,36.6,39.68,177.35,3.68,486,877,36,0,normal
2026-05-18 00:19:51.606390,45.56,41.85,97.64,2.58,511,905,24,0,normal
2026-05-18 00:24:51.606390,39.28,41.04,154.79,2.03,420,763,17,0,normal
2026-05-18 00:29:51.606390,34.83,39.72,170.19,1.91,596,881,21,0,normal
2026-05-18 00:34:51.606390,34.19,41.98,209.14,2.26,555,726,18,0,normal
2026-05-18 00:39:51.606390,38.85,44.61,139.0,3.1,392,696,27,0,normal
2026-05-18 00:44:51.606390,36.74,40.62,163.19,3.46,615,877,31,0,normal
2026-05-18 00:49:51.606390,39.55,42.44,99.35,2.25,437,925,27,0,normal
2026-05-18 00:54:51.606390,38.83,38.41,81.72,2.58,400,964,29,0,normal
2026-05-18 00:59:51.606390,37.19,39.09,178.83,2.45,527,801,20,0,normal
2026-05-18 01:04:51.606390,34.87,41.94,153.33,2.43,342,854,26,0,normal
2026-05-18 01:09:51.606390,32.87,43.97,188.86,2.16,577,799,21,0,normal
2026-05-18 01:14:51.606390,36.08,41.71,112.31,2.05,234,908,24,0,normal
2026-05-18 01:19:51.606390,39.99,40.37,169.11,2.12,415,811,18,0,normal
2026-05-18 01:24:51.606390,38.06,41.0,209.59,1.96,676,848,18,0,normal
2026-05-18 01:29:51.606390,33.69,38.5,166.12,2.12,450,654,16,0,normal
2026-05-18 01:34:51.606390,37.94,42.21,161.84,1.91,467,745,14,0,normal
2026-05-18 01:39:51.606390,38.58,42.76,153.8,2.89,646,849,27,0,normal
2026-05-18 01:44:51.606390,34.78,40.1,106.43,2.28,439,840,22,0,normal
2026-05-18 01:49:51.606390,37.89,40.06,194.23,5.52,595,858,48,0,normal
2026-05-18 01:54:51.606390,37.61,41.53,135.25,2.12,636,780,20,0,normal
2026-05-18 01:59:51.606390,34.01,40.13,168.71,2.32,566,703,19,0,normal
2026-05-18 02:04:51.606390,38.51,40.87,106.7,2.34,374,762,21,0,normal
2026-05-18 02:09:51.606390,39.12,45.2,118.21,1.91,458,773,20,0,normal
2026-05-18 02:14:51.606390,40.69,40.51,196.66,3.73,790,792,33,0,normal
2026-05-18 02:19:51.606390,40.6,40.28,143.19,1.93,469,671,19,0,normal
2026-05-18 02:24:51.606390,33.31,39.7,197.22,4.72,817,742,36,0,normal
2026-05-18 02:29:51.606390,34.63,42.49,151.28,4.13,689,759,31,0,normal
2026-05-18 02:34:51.606390,38.99,40.64,98.38,2.67,570,544,18,0,normal
2026-05-18 02:39:51.606390,38.99,39.7,180.4,2.68,548,851,27,0,normal
2026-05-18 02:44:51.606390,39.0,43.64,135.95,2.96,472,785,23,0,normal
2026-05-18 02:49:51.606390,49.01,43.84,2786.66,2.39,510,795,20,1,latency_spike
2026-05-18 02:54:51.606390,39.17,39.8,154.42,2.94,450,717,22,0,normal
2026-05-18 02:59:51.606390,40.86,37.27,107.38,1.95,512,827,17,0,normal
2026-05-18 03:04:51.606390,40.32,43.02,158.61,1.96,382,685,17,0,normal
2026-05-18 03:09:51.606390,39.42,39.63,219.58,2.51,377,701,19,0,normal
2026-05-18 03:14:51.606390,36.52,42.58,168.49,2.7,649,831,27,0,normal
2026-05-18 03:19:51.606390,39.74,37.06,151.98,4.09,358,804,36,0,normal
2026-05-18 03:24:51.606390,35.15,42.79,185.97,2.01,607,641,16,0,normal
2026-05-18 03:29:51.606390,36.76,38.58,160.04,3.63,329,926,38,0,normal
2026-05-18 03:34:51.606390,36.02,42.46,160.02,2.14,582,693,17,0,normal
2026-05-18 03:39:51.606390,37.72,41.03,120.99,2.4,498,755,21,0,normal
2026-05-18 03:44:51.606390,44.42,39.09,160.76,2.28,651,943,24,0,normal
2026-05-18 03:49:51.606390,31.88,40.19,184.82,2.41,486,563,17,0,normal
2026-05-18 03:54:51.606390,39.54,42.37,128.68,2.06,318,598,15,0,normal
2026-05-18 03:59:51.606390,32.64,41.21,196.5,2.6,500,813,22,0,normal
2026-05-18 04:04:51.606390,36.07,42.17,151.03,3.52,535,521,24,0,normal
2026-05-18 04:09:51.606390,40.75,44.95,127.15,2.48,506,565,15,0,normal
2026-05-18 04:14:51.606390,37.68,37.87,183.72,2.57,577,886,26,0,normal
2026-05-18 04:19:51.606390,34.26,44.23,145.2,3.79,463,728,30,0,normal
2026-05-18 04:24:51.606390,35.35,41.21,176.59,3.12,393,989,32,0,normal
2026-05-18 04:29:51.606390,39.53,39.2,145.06,2.57,419,666,20,0,normal
2026-05-18 04:34:51.606390,35.3,38.34,152.03,2.2,468,737,24,0,normal
2026-05-18 04:39:51.606390,38.15,40.62,168.64,4.06,467,823,34,0,normal
2026-05-18 04:44:51.606390,37.64,42.84,162.57,2.76,760,816,26,0,normal
2026-05-18 04:49:51.606390,35.55,40.74,93.98,2.15,645,744,19,0,normal
2026-05-18 04:54:51.606390,43.93,44.02,120.22,2.21,588,704,20,0,normal
2026-05-18 04:59:51.606390,39.41,38.1,181.75,3.53,564,792,28,0,normal
2026-05-18 05:04:51.606390,31.43,40.98,149.91,1.95,549,907,19,0,normal
2026-05-18 05:09:51.606390,38.07,38.5,138.17,6.74,550,846,61,0,normal
2026-05-18 05:14:51.606390,35.53,41.73,113.13,2.04,536,706,19,0,normal
2026-05-18 05:19:51.606390,40.07,42.77,121.5,3.49,523,670,27,0,normal
2026-05-18 05:24:51.606390,35.14,40.16,93.25,2.4,310,700,17,0,normal
2026-05-18 05:29:51.606390,37.17,35.79,150.87,2.58,483,642,18,0,normal
2026-05-18 05:34:51.606390,39.03,41.4,135.97,4.03,495,784,32,0,normal
2026-05-18 05:39:51.606390,40.12,41.87,124.93,2.43,445,851,23,0,normal
2026-05-18 05:44:51.606390,33.92,41.81,151.89,2.67,464,763,23,0,normal
2026-05-18 05:49:51.606390,36.52,43.47,164.86,1.95,550,942,20,0,normal
2026-05-18 05:54:51.606390,36.1,38.86,216.75,1.9,596,947,22,0,normal
2026-05-18 05:59:51.606390,35.57,42.36,108.6,2.18,550,801,19,0,normal
2026-05-18 06:04:51.606390,42.83,43.39,188.75,3.04,594,840,27,0,normal
2026-05-18 06:09:51.606390,38.75,37.44,183.17,2.03,596,680,16,0,normal
2026-05-18 06:14:51.606390,33.75,41.64,130.61,2.02,490,734,16,0,normal
2026-05-18 06:19:51.606390,40.29,39.99,160.09,2.43,572,897,24,0,normal
2026-05-18 06:24:51.606390,43.9,40.84,140.27,2.94,345,712,25,0,normal
2026-05-18 06:29:51.606390,40.64,41.7,159.58,3.15,481,919,33,0,normal
2026-05-18 06:34:51.606390,32.98,40.03,199.29,2.1,470,881,23,0,normal
2026-05-18 06:39:51.606390,36.09,39.65,172.19,1.98,673,845,20,0,normal
2026-05-18 06:44:51.606390,41.35,41.07,169.29,4.72,554,653,32,0,normal
2026-05-18 06:49:51.606390,35.42,38.83,141.13,2.2,386,739,18,0,normal
2026-05-18 06:54:51.606390,38.88,38.83,109.53,3.82,579,835,33,0,normal
2026-05-18 06:59:51.606390,39.87,42.36,147.8,3.89,611,672,28,0,normal
2026-05-18 07:04:51.606390,38.72,41.43,216.56,3.79,616,883,37,0,normal
2026-05-18 07:09:51.606390,41.32,45.06,134.56,2.49,694,977,26,0,normal
2026-05-18 07:14:51.606390,31.78,44.66,148.73,4.03,376,845,38,0,normal
2026-05-18 07:19:51.606390,38.43,40.28,184.18,3.78,355,817,33,0,normal
2026-05-18 07:24:51.606390,40.75,42.38,150.86,3.22,507,722,27,0,normal
2026-05-18 07:29:51.606390,37.77,46.12,156.63,2.72,640,863,27,0,normal
2026-05-18 07:34:51.606390,46.41,41.77,167.71,2.61,779,979,29,0,normal
2026-05-18 07:39:51.606390,37.22,42.8,139.46,2.44,513,815,22,0,normal
2026-05-18 07:44:51.606390,40.19,44.66,151.21,3.02,540,904,33,0,normal
2026-05-18 07:49:51.606390,41.91,45.3,201.55,3.19,634,880,455,1,failed_transaction_spike
2026-05-18 07:54:51.606390,45.84,43.23,2116.1,2.75,576,836,27,1,latency_spike
2026-05-18 07:59:51.606390,37.21,42.54,132.53,2.95,571,986,34,0,normal
2026-05-18 08:04:51.606390,48.81,49.2,186.88,3.16,685,1193,42,0,normal
2026-05-18 08:09:51.606390,45.35,49.84,227.75,3.73,858,1129,42,0,normal
2026-05-18 08:14:51.606390,42.38,48.32,199.89,5.02,838,959,49,0,normal
2026-05-18 08:19:51.606390,46.71,46.53,191.87,2.88,729,1228,38,0,normal
2026-05-18 08:24:51.606390,45.93,44.74,207.15,3.18,892,1129,38,0,normal
2026-05-18 08:29:51.606390,43.53,44.7,153.46,2.86,778,983,31,0,normal
2026-05-18 08:34:51.606390,45.54,47.4,220.68,3.68,842,952,42,0,normal
2026-05-18 08:39:51.606390,44.18,47.19,217.36,4.01,641,1141,51,0,normal
2026-05-18 08:44:51.606390,45.68,49.16,193.58,5.39,662,1047,60,0,normal
2026-05-18 08:49:51.606390,47.33,47.66,236.05,3.03,661,944,34,0,normal
2026-05-18 08:54:51.606390,50.1,43.35,172.06,5.7,718,1015,60,0,normal
2026-05-18 08:59:51.606390,41.63,48.46,239.73,2.77,733,989,31,0,normal
2026-05-18 09:04:51.606390,55.25,46.78,233.88,3.99,853,1064,50,0,normal
2026-05-18 09:09:51.606390,42.99,48.01,219.16,3.13,1018,1248,932,1,failed_transaction_spike
2026-05-18 09:14:51.606390,48.4,49.28,228.67,5.31,893,1224,66,0,normal
2026-05-18 09:19:51.606390,50.62,52.77,226.06,3.82,769,1230,48,0,normal
2026-05-18 09:24:51.606390,49.7,55.0,265.9,4.17,820,1229,52,0,normal
2026-05-18 09:29:51.606390,87.14,49.99,197.0,4.85,971,1055,52,1,cpu_spike
2026-05-18 09:34:51.606390,48.24,48.41,206.44,3.23,899,1086,36,0,normal
2026-05-18 09:39:51.606390,47.39,49.85,260.41,3.11,970,1292,45,0,normal
2026-05-18 09:44:51.606390,47.1,50.55,211.47,5.18,773,1157,61,0,normal
2026-05-18 09:49:51.606390,51.42,48.14,256.36,3.44,750,1000,36,0,normal
2026-05-18 09:54:51.606390,49.94,52.37,280.34,3.2,751,1168,40,0,normal
2026-05-18 09:59:51.606390,46.8,49.24,217.32,3.7,781,1212,51,0,normal
2026-05-18 10:04:51.606390,54.65,51.89,270.29,4.3,797,1302,61,0,normal
2026-05-18 10:09:51.606390,52.87,52.23,215.25,3.42,932,1156,42,0,normal
2026-05-18 10:14:51.606390,54.39,51.74,272.52,3.71,934,1438,54,0,normal
2026-05-18 10:19:51.606390,53.84,52.58,255.87,3.42,1037,1099,42,0,normal
2026-05-18 10:24:51.606390,49.47,49.66,264.09,3.93,727,1261,52,0,normal
2026-05-18 10:29:51.606390,50.28,49.78,230.54,5.64,809,1423,86,0,normal
2026-05-18 10:34:51.606390,54.21,48.7,200.09,7.44,984,1309,100,0,normal
2026-05-18 10:39:51.606390,53.8,51.78,265.04,4.4,922,1333,63,0,normal
2026-05-18 10:44:51.606390,51.91,52.46,188.05,3.56,908,1144,46,0,normal
2026-05-18 10:49:51.606390,52.32,51.82,240.44,5.75,1030,1285,76,0,normal
2026-05-18 10:54:51.606390,55.81,54.25,278.21,4.11,802,1246,54,0,normal
2026-05-18 10:59:51.606390,50.2,50.89,255.75,3.55,831,1137,44,0,normal
2026-05-18 11:04:51.606390,56.14,53.98,325.26,6.19,886,1421,95,0,normal
2026-05-18 11:09:51.606390,53.9,50.46,297.58,5.06,769,1252,66,0,normal
2026-05-18 11:14:51.606390,53.85,51.87,247.22,4.96,984,1264,65,0,normal
2026-05-18 11:19:51.606390,57.81,54.03,267.67,4.88,919,1378,72,0,normal
2026-05-18 11:24:51.606390,56.99,54.34,265.44,3.87,898,1320,54,0,normal
2026-05-18 11:29:51.606390,56.95,52.05,219.41,3.88,880,1351,58,0,normal
2026-05-18 11:34:51.606390,58.43,52.5,238.68,4.81,969,1314,67,0,normal
2026-05-18 11:39:51.606390,54.58,49.6,250.08,3.89,891,1476,58,0,normal
2026-05-18 11:44:51.606390,56.57,51.93,205.83,4.22,993,1242,57,0,normal
2026-05-18 11:49:51.606390,53.59,54.42,268.36,5.17,1017,1288,67,0,normal
2026-05-18 11:54:51.606390,55.5,53.79,259.47,5.18,942,95,77,1,transaction_drop
2026-05-18 11:59:51.606390,54.14,53.64,216.77,4.25,935,1236,60,0,normal
2026-05-18 12:04:51.606390,56.7,54.03,291.6,5.41,1040,1294,75,0,normal
2026-05-18 12:09:51.606390,58.2,53.95,300.96,5.66,1018,1411,83,0,normal
2026-05-18 12:14:51.606390,53.96,52.61,286.31,4.9,1154,1484,78,0,normal
2026-05-18 12:19:51.606390,62.69,55.33,269.79,4.1,1053,1497,63,0,normal
2026-05-18 12:24:51.606390,53.4,54.78,297.27,4.16,1131,1407,62,0,normal
2026-05-18 12:29:51.606390,52.78,54.92,299.95,4.22,1083,1330,58,0,normal
2026-05-18 12:34:51.606390,59.9,52.88,288.78,3.96,890,1425,61,0,normal
2026-05-18 12:39:51.606390,58.8,49.63,254.83,4.16,966,1454,65,0,normal
2026-05-18 12:44:51.606390,58.3,56.13,287.88,4.08,1017,1424,60,0,normal
2026-05-18 12:49:51.606390,58.32,52.98,315.46,4.45,1109,1521,71,0,normal
2026-05-18 12:54:51.606390,56.4,52.21,261.71,6.23,1215,1297,83,0,normal
2026-05-18 12:59:51.606390,53.75,55.32,342.56,3.95,973,1328,53,0,normal
2026-05-18 13:04:51.606390,57.83,53.95,271.57,5.23,1058,1546,84,0,normal
2026-05-18 13:09:51.606390,55.57,56.85,288.33,5.12,1133,1289,71,0,normal
2026-05-18 13:14:51.606390,60.53,55.97,267.2,4.06,1047,1383,61,0,normal
2026-05-18 13:19:51.606390,57.17,56.1,294.08,6.52,1217,1364,94,0,normal
2026-05-18 13:24:51.606390,55.13,52.0,235.13,4.8,918,1281,64,0,normal
2026-05-18 13:29:51.606390,56.65,57.15,271.03,4.41,1121,1418,67,0,normal
2026-05-18 13:34:51.606390,58.85,55.25,254.67,5.37,1120,1512,83,0,normal
2026-05-18 13:39:51.606390,55.93,53.99,291.5,4.26,1168,1453,62,0,normal
2026-05-18 13:44:51.606390,55.16,55.02,317.29,5.14,1059,1517,81,0,normal
2026-05-18 13:49:51.606390,58.36,51.18,306.85,4.0,1142,1557,64,0,normal
2026-05-18 13:54:51.606390,58.36,55.55,216.34,5.79,1028,1399,86,0,normal
2026-05-18 13:59:51.606390,56.11,52.67,348.76,4.55,973,1702,81,0,normal
2026-05-18 14:04:51.606390,56.61,52.29,298.98,5.01,969,1416,73,0,normal
2026-05-18 14:09:51.606390,58.72,51.96,266.84,4.25,920,1429,63,0,normal
2026-05-18 14:14:51.606390,53.69,57.23,294.86,5.13,1020,1380,72,0,normal
2026-05-18 14:19:51.606390,53.81,53.74,295.45,5.48,1095,1505,85,0,normal
2026-05-18 14:24:51.606390,55.88,58.07,270.17,4.64,1043,1422,73,0,normal
2026-05-18 14:29:51.606390,57.4,53.93,296.13,4.96,1084,1443,72,0,normal
2026-05-18 14:34:51.606390,58.97,51.59,271.98,4.61,1188,1431,72,0,normal
2026-05-18 14:39:51.606390,62.47,52.77,278.09,6.25,1012,1428,93,0,normal
2026-05-18 14:44:51.606390,60.62,57.47,269.65,4.69,1298,1467,69,0,normal
2026-05-18 14:49:51.606390,57.57,54.69,247.27,5.84,1140,1406,87,0,normal
2026-05-18 14:54:51.606390,58.0,53.9,294.64,5.62,1045,1411,79,0,normal
2026-05-18 14:59:51.606390,55.05,55.32,307.84,4.53,1042,1559,73,0,normal
2026-05-18 15:04:51.606390,57.61,55.73,303.14,4.22,953,1409,60,0,normal
2026-05-18 15:09:51.606390,56.81,56.97,312.31,4.48,1051,1477,69,0,normal
2026-05-18 15:14:51.606390,58.64,57.63,297.45,5.71,838,1350,81,0,normal
2026-05-18 15:19:51.606390,55.2,54.01,271.76,4.22,1180,1394,61,0,normal
2026-05-18 15:24:51.606390,59.24,52.08,312.94,4.7,773,1316,65,0,normal
2026-05-18 15:29:51.606390,62.28,53.9,247.04,5.6,1058,1624,92,0,normal
2026-05-18 15:34:51.606390,57.36,55.25,260.76,4.4,940,1576,72,0,normal
2026-05-18 15:39:51.606390,58.89,52.8,258.87,4.99,984,1499,76,0,normal
2026-05-18 15:44:51.606390,59.76,52.82,320.21,4.24,997,1654,73,0,normal
2026-05-18 15:49:51.606390,56.49,55.42,316.11,4.08,1247,1516,66,0,normal
2026-05-18 15:54:51.606390,58.37,54.63,302.46,5.54,944,1422,79,0,normal
2026-05-18 15:59:51.606390,57.74,54.8,320.01,4.06,1146,1477,62,0,normal
2026-05-18 16:04:51.606390,56.84,52.42,253.78,4.16,1140,1537,66,0,normal
2026-05-18 16:09:51.606390,54.23,53.47,290.63,5.77,790,1313,78,0,normal
2026-05-18 16:14:51.606390,56.63,52.09,276.43,4.27,962,1284,57,0,normal
2026-05-18 16:19:51.606390,58.05,55.71,305.61,7.45,1172,1442,114,0,normal
2026-05-18 16:24:51.606390,60.91,56.0,276.76,7.74,893,1342,107,0,normal
2026-05-18 16:29:51.606390,59.44,50.24,268.68,4.15,1144,1175,55,0,normal
2026-05-18 16:34:51.606390,63.02,52.08,296.47,3.88,1022,1277,53,0,normal
2026-05-18 16:39:51.606390,54.27,50.94,306.54,5.06,1018,1370,73,0,normal
2026-05-18 16:44:51.606390,59.19,52.63,260.22,4.44,1031,1406,65,0,normal
2026-05-18 16:49:51.606390,57.12,53.77,278.45,3.95,1059,1409,59,0,normal
2026-05-18 16:54:51.606390,63.15,51.04,248.55,5.07,929,1602,86,0,normal
2026-05-18 16:59:51.606390,54.15,52.09,205.37,3.87,998,1381,54,0,normal
2026-05-18 17:04:51.606390,52.18,50.63,273.81,5.69,1011,1367,82,0,normal
2026-05-18 17:09:51.606390,52.91,53.06,286.08,3.8,992,1176,48,0,normal
2026-05-18 17:14:51.606390,48.34,52.78,275.68,3.78,1009,1336,51,0,normal
2026-05-18 17:19:51.606390,53.13,51.2,209.35,3.84,903,1373,56,0,normal
2026-05-18 17:24:51.606390,52.44,52.99,257.32,6.87,1038,1202,86,0,normal
2026-05-18 17:29:51.606390,55.17,51.55,201.31,4.83,987,1246,63,0,normal
2026-05-18 17:34:51.606390,55.74,52.1,308.97,5.26,817,1388,74,0,normal
2026-05-18 17:39:51.606390,60.35,55.99,235.31,4.15,922,1285,55,0,normal
2026-05-18 17:44:51.606390,57.58,55.32,305.57,4.06,885,1329,57,0,normal
2026-05-18 17:49:51.606390,53.0,50.04,296.29,36.31,884,1394,506,1,error_spike
2026-05-18 17:54:51.606390,52.03,54.3,240.91,4.3,927,1543,69,0,normal
2026-05-18 17:59:51.606390,56.21,54.26,233.96,4.45,1036,1318,60,0,normal
2026-05-18 18:04:51.606390,48.24,48.6,261.59,4.38,845,1432,69,0,normal
2026-05-18 18:09:51.606390,57.7,52.54,225.76,3.68,930,1060,39,0,normal
2026-05-18 18:14:51.606390,55.75,53.98,254.18,6.35,914,1270,83,0,normal
2026-05-18 18:19:51.606390,50.8,48.65,236.63,3.57,830,1222,45,0,normal
2026-05-18 18:24:51.606390,47.08,49.06,197.7,6.76,873,1202,82,0,normal
2026-05-18 18:29:51.606390,56.28,52.93,184.23,3.4,994,1322,49,0,normal
2026-05-18 18:34:51.606390,51.88,51.44,257.96,4.04,923,1234,52,0,normal
2026-05-18 18:39:51.606390,55.94,52.0,234.32,3.79,963,1053,42,0,normal
2026-05-18 18:44:51.606390,47.44,51.58,234.59,3.98,1035,1097,46,0,normal
2026-05-18 18:49:51.606390,50.43,51.68,272.07,4.23,951,1328,62,0,normal
2026-05-18 18:54:51.606390,52.25,48.25,286.41,3.96,716,1092,44,0,normal
2026-05-18 18:59:51.606390,52.37,52.99,243.05,3.92,935,1331,58,0,normal
2026-05-18 19:04:51.606390,47.8,51.12,220.44,4.39,764,1166,54,0,normal
2026-05-18 19:09:51.606390,51.02,48.32,245.67,4.22,1007,1136,50,0,normal
2026-05-18 19:14:51.606390,45.95,48.69,189.97,4.86,866,1145,61,0,normal
2026-05-18 19:19:51.606390,48.73,45.72,237.39,3.35,766,1205,46,0,normal
2026-05-18 19:24:51.606390,49.52,49.81,247.26,4.01,882,1036,43,0,normal
2026-05-18 19:29:51.606390,50.7,49.92,251.12,3.95,835,1158,48,0,normal
2026-05-18 19:34:51.606390,51.3,48.65,172.62,3.53,654,57,44,1,transaction_drop
2026-05-18 19:39:51.606390,45.79,51.03,207.9,3.73,912,1170,52,0,normal
2026-05-18 19:44:51.606390,44.57,48.11,204.4,3.44,785,1218,45,0,normal
2026-05-18 19:49:51.606390,53.0,49.91,233.76,3.22,968,1170,42,0,normal
2026-05-18 19:54:51.606390,50.17,46.74,245.2,3.31,814,1215,45,0,normal
2026-05-18 19:59:51.606390,46.93,48.73,275.69,3.18,970,1084,36,0,normal
2026-05-18 20:04:51.606390,50.31,46.01,192.46,3.85,775,1030,40,0,normal
2026-05-18 20:09:51.606390,46.0,46.81,192.39,3.78,830,1013,42,0,normal
2026-05-18 20:14:51.606390,49.2,45.62,241.82,5.71,683,1006,58,0,normal
2026-05-18 20:19:51.606390,45.86,46.09,216.23,4.01,768,957,42,0,normal
2026-05-18 20:24:51.606390,51.85,48.01,245.38,2.76,560,994,32,0,normal
2026-05-18 20:29:51.606390,50.93,45.48,216.02,4.86,720,926,48,0,normal
2026-05-18 20:34:51.606390,44.92,43.14,172.65,4.69,584,867,43,0,normal
2026-05-18 20:39:51.606390,48.59,49.86,167.38,3.29,618,967,34,0,normal
2026-05-18 20:44:51.606390,47.61,49.12,160.84,3.59,643,1100,40,0,normal
2026-05-18 20:49:51.606390,49.78,43.77,227.26,6.44,799,1060,74,0,normal
2026-05-18 20:54:51.606390,42.78,47.74,243.07,34.99,718,911,318,1,error_spike
2026-05-18 20:59:51.606390,47.74,45.35,262.9,5.06,736,997,52,0,normal
2026-05-18 21:04:51.606390,45.03,44.26,207.22,2.4,613,979,26,0,normal
2026-05-18 21:09:51.606390,36.58,44.32,216.82,2.52,739,865,26,0,normal
2026-05-18 21:14:51.606390,38.31,43.26,164.54,2.89,631,768,27,0,normal
2026-05-18 21:19:51.606390,35.75,42.16,147.26,3.19,656,1136,37,0,normal
2026-05-18 21:24:51.606390,41.06,42.35,207.46,4.0,574,893,36,0,normal
2026-05-18 21:29:51.606390,44.02,41.9,194.5,6.75,746,793,59,0,normal
2026-05-18 21:34:51.606390,46.38,42.07,185.2,2.8,753,927,27,0,normal
2026-05-18 21:39:51.606390,42.09,43.6,193.61,2.36,627,901,25,0,normal
2026-05-18 21:44:51.606390,46.76,42.3,191.69,3.93,572,756,34,0,normal
2026-05-18 21:49:51.606390,37.74,45.1,220.52,3.24,469,919,35,0,normal
2026-05-18 21:54:51.606390,36.77,46.71,220.87,2.53,544,1008,28,0,normal
2026-05-18 21:59:51.606390,41.71,42.57,198.35,2.99,414,887,30,0,normal
2026-05-18 22:04:51.606390,39.05,41.48,180.87,3.26,434,571,22,0,normal
2026-05-18 22:09:51.606390,37.81,42.0,170.92,3.37,561,812,31,0,normal
2026-05-18 22:14:51.606390,31.7,41.94,141.67,2.59,520,838,26,0,normal
2026-05-18 22:19:51.606390,37.64,41.15,178.21,2.26,757,719,18,0,normal
2026-05-18 22:24:51.606390,34.0,42.49,113.69,5.54,488,720,41,0,normal
2026-05-18 22:29:51.606390,39.92,41.96,187.15,2.99,480,1003,33,0,normal
2026-05-18 22:34:51.606390,39.01,38.52,119.7,2.42,631,712,23,0,normal
2026-05-18 22:39:51.606390,35.1,42.74,164.12,2.23,332,666,19,0,normal
2026-05-18 22:44:51.606390,36.38,42.77,130.2,3.21,377,780,27,0,normal
2026-05-18 22:49:51.606390,34.74,39.47,172.17,2.18,591,835,23,0,normal
2026-05-18 22:54:51.606390,37.73,41.08,154.55,2.09,506,831,17,0,normal
2026-05-18 22:59:51.606390,40.79,42.37,107.74,2.65,508,531,17,0,normal
2026-05-18 23:04:51.606390,34.97,40.58,168.21,2.24,431,712,21,0,normal
2026-05-18 23:09:51.606390,39.44,43.15,138.26,2.89,549,893,32,0,normal
2026-05-18 23:14:51.606390,36.34,45.73,182.04,2.03,444,811,18,0,normal
2026-05-18 23:19:51.606390,35.55,39.43,155.65,2.96,532,654,23,0,normal
2026-05-18 23:24:51.606390,37.61,38.24,167.48,2.23,409,902,25,0,normal
2026-05-18 23:29:51.606390,34.83,41.61,126.9,1.9,507,875,18,0,normal
2026-05-18 23:34:51.606390,36.28,42.44,137.95,2.04,728,749,19,0,normal
2026-05-18 23:39:51.606390,34.34,40.54,141.88,4.61,483,866,44,0,normal
2026-05-18 23:44:51.606390,43.83,43.91,181.35,3.92,512,978,45,0,normal
2026-05-18 23:49:51.606390,38.05,38.32,205.98,2.17,505,673,18,0,normal
2026-05-18 23:54:51.606390,35.84,42.39,131.51,3.41,543,834,32,0,normal
2026-05-18 23:59:51.606390,38.59,39.79,187.98,2.84,572,977,31,0,normal
2026-05-19 00:04:51.606390,37.61,44.44,90.59,5.44,551,844,49,0,normal
2026-05-19 00:09:51.606390,37.29,44.99,119.86,2.37,553,703,18,0,normal
2026-05-19 00:14:51.606390,39.79,39.47,126.94,3.04,507,802,24,0,normal
2026-05-19 00:19:51.606390,40.23,39.9,115.13,1.97,536,916,28,0,normal
2026-05-19 00:24:51.606390,36.36,42.72,108.21,2.4,504,677,21,0,normal
2026-05-19 00:29:51.606390,36.23,40.23,168.11,5.22,344,776,41,0,normal
2026-05-19 00:34:51.606390,37.13,40.91,149.31,2.67,789,754,23,0,normal
2026-05-19 00:39:51.606390,31.06,41.05,167.12,2.24,598,716,17,0,normal
2026-05-19 00:44:51.606390,33.42,37.16,176.46,2.03,428,803,17,0,normal
2026-05-19 00:49:51.606390,42.07,40.97,163.72,3.12,549,769,25,0,normal
2026-05-19 00:54:51.606390,42.9,39.62,175.49,2.94,391,843,27,0,normal
2026-05-19 00:59:51.606390,37.22,40.01,153.68,2.37,476,893,21,0,normal
2026-05-19 01:04:51.606390,98.78,43.89,120.17,4.91,378,652,35,1,cpu_spike
2026-05-19 01:09:51.606390,38.91,38.49,187.52,1.92,521,786,17,0,normal
2026-05-19 01:14:51.606390,47.21,42.63,138.12,2.26,368,774,27,0,normal
2026-05-19 01:19:51.606390,41.34,40.44,127.73,4.44,565,799,37,0,normal
2026-05-19 01:24:51.606390,37.59,40.44,150.47,2.29,594,778,23,0,normal
2026-05-19 01:29:51.606390,35.11,42.58,128.43,2.19,443,681,18,0,normal
2026-05-19 01:34:51.606390,33.16,41.68,143.3,2.66,542,925,27,0,normal
2026-05-19 01:39:51.606390,38.59,42.14,166.15,3.64,438,967,38,0,normal
2026-05-19 01:44:51.606390,35.72,42.94,166.29,2.01,577,834,20,0,normal
2026-05-19 01:49:51.606390,33.72,40.34,128.91,4.77,457,839,43,0,normal
2026-05-19 01:54:51.606390,36.05,39.78,141.23,3.49,605,792,30,0,normal
2026-05-19 01:59:51.606390,34.75,38.83,188.1,2.1,345,876,23,0,normal
2026-05-19 02:04:51.606390,43.06,39.35,170.77,3.14,426,535,20,0,normal
2026-05-19 02:09:51.606390,40.64,46.9,218.13,2.39,415,779,21,0,normal
2026-05-19 02:14:51.606390,37.97,43.49,191.29,2.41,546,722,20,0,normal
2026-05-19 02:19:51.606390,42.44,38.3,190.23,3.43,582,794,31,0,normal
2026-05-19 02:24:51.606390,38.23,38.36,114.27,5.19,554,889,50,0,normal
2026-05-19 02:29:51.606390,35.42,41.96,178.83,2.04,475,781,18,0,normal
2026-05-19 02:34:51.606390,42.58,42.09,154.33,2.45,247,744,22,0,normal
2026-05-19 02:39:51.606390,39.62,42.1,139.4,2.56,530,639,21,0,normal
2026-05-19 02:44:51.606390,34.9,40.49,160.98,2.37,605,769,21,0,normal
2026-05-19 02:49:51.606390,37.44,40.75,184.3,2.35,794,847,22,0,normal
2026-05-19 02:54:51.606390,35.39,41.66,170.98,1.95,484,696,16,0,normal
2026-05-19 02:59:51.606390,33.87,41.17,129.61,3.06,460,579,20,0,normal
2026-05-19 03:04:51.606390,40.8,36.56,178.24,2.47,558,1007,27,0,normal
2026-05-19 03:09:51.606390,43.75,40.54,136.85,2.12,501,813,21,0,normal
2026-05-19 03:14:51.606390,33.83,39.3,162.48,3.59,654,758,29,0,normal
2026-05-19 03:19:51.606390,39.71,41.35,146.89,3.52,446,919,35,0,normal
2026-05-19 03:24:51.606390,36.07,46.97,4477.8,2.57,502,794,22,1,latency_spike
2026-05-19 03:29:51.606390,36.57,41.73,179.0,2.25,614,913,25,0,normal
2026-05-19 03:34:51.606390,36.25,40.37,124.81,2.92,557,905,32,0,normal
2026-05-19 03:39:51.606390,35.44,42.84,214.38,2.24,643,653,20,0,normal
2026-05-19 03:44:51.606390,38.18,41.97,101.4,2.17,483,826,22,0,normal
2026-05-19 03:49:51.606390,35.54,41.84,138.11,3.21,653,953,34,0,normal
2026-05-19 03:54:51.606390,38.85,42.21,167.15,49.44,360,680,336,1,error_spike
2026-05-19 03:59:51.606390,37.89,45.11,173.58,2.0,364,682,14,0,normal
2026-05-19 04:04:51.606390,37.32,38.74,153.05,1.91,655,699,17,0,normal
2026-05-19 04:09:51.606390,35.32,41.95,154.35,2.07,527,869,20,0,normal
2026-05-19 04:14:51.606390,36.31,39.15,168.4,1.97,619,809,19,0,normal
2026-05-19 04:19:51.606390,40.31,42.11,149.16,7.37,537,587,47,0,normal
2026-05-19 04:24:51.606390,39.55,39.16,197.89,2.24,526,815,24,0,normal
2026-05-19 04:29:51.606390,35.12,40.17,181.28,2.06,394,755,20,0,normal
2026-05-19 04:34:51.606390,38.35,40.41,182.3,2.18,524,769,19,0,normal
2026-05-19 04:39:51.606390,40.31,42.95,127.13,4.65,663,697,35,0,normal
2026-05-19 04:44:51.606390,33.05,42.84,153.75,2.63,533,815,22,0,normal
2026-05-19 04:49:51.606390,39.69,38.51,147.12,2.35,595,886,26,0,normal
2026-05-19 04:54:51.606390,36.07,41.11,125.97,3.97,592,717,32,0,normal
2026-05-19 04:59:51.606390,39.77,39.58,166.96,2.4,426,613,17,0,normal
2026-05-19 05:04:51.606390,35.77,38.48,140.03,2.31,613,750,21,0,normal
2026-05-19 05:09:51.606390,32.65,40.57,175.83,2.13,496,856,20,0,normal
2026-05-19 05:14:51.606390,33.18,40.38,124.07,2.37,501,739,21,0,normal
2026-05-19 05:19:51.606390,38.21,45.85,207.75,2.28,737,631,16,0,normal
2026-05-19 05:24:51.606390,38.85,41.87,129.3,3.03,587,857,26,0,normal
2026-05-19 05:29:51.606390,35.36,38.24,162.78,2.24,463,923,22,0,normal
2026-05-19 05:34:51.606390,39.99,39.87,179.96,2.76,534,99,25,1,transaction_drop
2026-05-19 05:39:51.606390,33.09,43.04,139.1,1.97,531,620,15,0,normal
2026-05-19 05:44:51.606390,37.88,45.18,181.8,2.11,696,749,23,0,normal
2026-05-19 05:49:51.606390,34.45,37.83,119.35,2.42,531,796,22,0,normal
2026-05-19 05:54:51.606390,36.13,37.24,199.8,4.66,748,700,35,0,normal
2026-05-19 05:59:51.606390,38.23,44.74,156.67,2.37,398,840,23,0,normal
2026-05-19 06:04:51.606390,35.51,41.78,138.36,2.99,524,691,26,0,normal
2026-05-19 06:09:51.606390,36.94,39.26,147.29,2.19,451,784,21,0,normal
2026-05-19 06:14:51.606390,41.11,42.07,180.54,2.04,478,759,19,0,normal
2026-05-19 06:19:51.606390,36.36,35.73,138.74,1.96,480,843,17,0,normal
2026-05-19 06:24:51.606390,40.6,41.01,133.8,2.26,456,780,22,0,normal
2026-05-19 06:29:51.606390,34.71,41.66,149.65,2.07,701,762,25,0,normal
2026-05-19 06:34:51.606390,39.69,42.85,120.99,2.09,670,701,16,0,normal
2026-05-19 06:39:51.606390,42.43,38.97,210.93,3.33,568,785,28,0,normal
2026-05-19 06:44:51.606390,30.69,41.17,139.33,1.92,480,756,16,0,normal
2026-05-19 06:49:51.606390,35.71,39.15,181.27,2.72,459,695,22,0,normal
2026-05-19 06:54:51.606390,39.84,41.51,162.62,2.38,602,798,23,0,normal
2026-05-19 06:59:51.606390,37.5,39.21,126.81,2.61,558,818,27,0,normal
2026-05-19 07:04:51.606390,43.23,42.92,182.86,3.14,620,881,36,0,normal
2026-05-19 07:09:51.606390,40.3,41.74,206.57,2.69,689,1008,29,0,normal
2026-05-19 07:14:51.606390,42.38,45.03,177.41,2.66,724,942,31,0,normal
2026-05-19 07:19:51.606390,41.65,45.45,218.86,3.63,619,787,33,0,normal
2026-05-19 07:24:51.606390,45.63,43.26,213.72,4.36,556,1049,54,0,normal
2026-05-19 07:29:51.606390,42.89,43.81,210.65,2.52,502,992,25,0,normal
2026-05-19 07:34:51.606390,43.14,40.83,169.3,2.41,660,1016,26,0,normal
2026-05-19 07:39:51.606390,40.89,43.13,150.71,4.59,851,956,50,0,normal
2026-05-19 07:44:51.606390,40.67,43.63,164.71,2.74,524,682,21,0,normal
2026-05-19 07:49:51.606390,40.84,48.97,189.01,3.11,745,1025,35,0,normal
2026-05-19 07:54:51.606390,43.32,41.51,199.51,2.76,567,922,26,0,normal
2026-05-19 07:59:51.606390,40.87,46.66,117.99,2.44,587,951,26,0,normal
2026-05-19 08:04:51.606390,46.86,48.35,208.59,3.59,829,1098,40,0,normal
2026-05-19 08:09:51.606390,52.22,46.92,213.58,3.45,712,1238,45,0,normal
2026-05-19 08:14:51.606390,48.61,49.87,200.52,2.93,762,990,33,0,normal
2026-05-19 08:19:51.606390,45.02,47.1,247.6,3.3,761,992,39,0,normal
2026-05-19 08:24:51.606390,49.6,47.14,221.53,4.3,670,959,43,0,normal
2026-05-19 08:29:51.606390,44.78,46.25,248.19,3.6,827,937,36,0,normal
2026-05-19 08:34:51.606390,39.89,48.8,202.41,2.81,732,939,28,0,normal
2026-05-19 08:39:51.606390,42.98,48.55,237.03,3.5,599,859,34,0,normal
2026-05-19 08:44:51.606390,40.4,45.11,257.97,3.92,649,1087,46,0,normal
2026-05-19 08:49:51.606390,44.96,43.72,248.28,4.28,426,1243,59,0,normal
2026-05-19 08:54:51.606390,46.07,45.95,176.17,3.7,743,1250,49,0,normal
2026-05-19 08:59:51.606390,51.05,44.76,201.34,2.87,868,959,30,0,normal
2026-05-19 09:04:51.606390,50.55,48.65,222.28,4.31,728,1136,51,0,normal
2026-05-19 09:09:51.606390,48.92,51.25,247.33,4.2,891,1287,59,0,normal
2026-05-19 09:14:51.606390,52.06,47.86,253.25,3.09,876,1207,40,0,normal
2026-05-19 09:19:51.606390,42.95,48.69,207.51,3.6,758,1177,49,0,normal
2026-05-19 09:24:51.606390,50.29,48.89,234.72,3.47,987,1138,41,0,normal
2026-05-19 09:29:51.606390,51.9,50.47,172.1,4.17,806,1281,57,0,normal
2026-05-19 09:34:51.606390,45.15,44.28,275.97,3.31,1034,1056,37,0,normal
2026-05-19 09:39:51.606390,53.02,47.56,217.35,3.96,669,1212,50,0,normal
2026-05-19 09:44:51.606390,50.61,49.2,234.41,5.51,806,1198,68,0,normal
2026-05-19 09:49:51.606390,48.35,51.18,223.45,4.67,818,1168,58,0,normal
2026-05-19 09:54:51.606390,51.49,47.79,267.14,5.61,829,1243,73,0,normal
2026-05-19 09:59:51.606390,56.41,45.02,147.64,6.91,905,1167,87,0,normal
2026-05-19 10:04:51.606390,53.26,52.14,253.05,3.4,1256,1214,45,0,normal
2026-05-19 10:09:51.606390,53.46,49.63,250.39,4.36,962,1277,58,0,normal
2026-05-19 10:14:51.606390,51.34,48.52,239.96,3.92,919,1109,45,0,normal
2026-05-19 10:19:51.606390,50.18,49.65,305.37,5.35,807,1329,75,0,normal
2026-05-19 10:24:51.606390,55.22,50.53,226.98,3.68,727,1355,55,0,normal
2026-05-19 10:29:51.606390,50.16,49.69,276.77,7.35,1034,1202,89,0,normal
2026-05-19 10:34:51.606390,52.95,46.49,264.31,4.34,862,1179,52,0,normal
2026-05-19 10:39:51.606390,51.3,52.69,291.48,4.96,1177,1206,64,0,normal
2026-05-19 10:44:51.606390,54.18,53.45,233.63,3.47,1003,1262,47,0,normal
2026-05-19 10:49:51.606390,53.74,52.2,231.67,3.59,951,1290,49,0,normal
2026-05-19 10:54:51.606390,55.86,48.62,286.56,4.81,956,1430,71,0,normal
2026-05-19 10:59:51.606390,51.22,50.5,266.45,3.41,957,1417,52,0,normal
2026-05-19 11:04:51.606390,54.5,52.63,224.41,5.34,916,1437,81,0,normal
2026-05-19 11:09:51.606390,52.37,53.84,254.59,3.66,810,1366,54,0,normal
2026-05-19 11:14:51.606390,53.98,53.98,282.38,4.72,930,1261,61,0,normal
2026-05-19 11:19:51.606390,56.45,51.17,295.93,4.1,983,1522,67,0,normal
2026-05-19 11:24:51.606390,57.59,52.8,250.43,4.59,920,1329,67,0,normal
2026-05-19 11:29:51.606390,52.55,53.56,183.4,4.84,857,1382,68,0,normal
2026-05-19 11:34:51.606390,57.93,55.55,286.54,4.07,911,1417,62,0,normal
2026-05-19 11:39:51.606390,59.39,54.05,234.24,3.76,1089,1360,55,0,normal
2026-05-19 11:44:51.606390,56.57,54.22,210.35,3.72,1060,1469,59,0,normal
2026-05-19 11:49:51.606390,60.96,52.81,185.91,4.54,1003,1400,69,0,normal
2026-05-19 11:54:51.606390,53.01,55.46,295.31,4.38,1044,1453,67,0,normal
2026-05-19 11:59:51.606390,51.6,53.46,274.77,5.0,872,1399,1004,1,failed_transaction_spike
2026-05-19 12:04:51.606390,51.91,52.21,276.83,4.55,957,1414,69,0,normal
2026-05-19 12:09:51.606390,61.73,56.74,325.29,4.39,1068,1426,65,0,normal
2026-05-19 12:14:51.606390,59.21,55.33,302.75,4.35,936,1412,62,0,normal
2026-05-19 12:19:51.606390,57.08,53.05,332.13,3.87,1047,1290,52,0,normal
2026-05-19 12:24:51.606390,58.09,52.98,241.88,4.25,910,1318,60,0,normal
2026-05-19 12:29:51.606390,53.88,54.53,3543.63,7.57,872,1492,116,1,latency_spike
2026-05-19 12:34:51.606390,64.6,54.86,235.19,5.91,1110,1293,77,0,normal
2026-05-19 12:39:51.606390,57.65,54.33,276.82,4.24,1139,1378,63,0,normal
2026-05-19 12:44:51.606390,57.59,54.56,276.26,4.73,974,1314,63,0,normal
2026-05-19 12:49:51.606390,59.45,57.33,302.53,5.72,885,1373,84,0,normal
2026-05-19 12:54:51.606390,58.71,56.08,285.11,4.42,816,1403,64,0,normal
2026-05-19 12:59:51.606390,57.95,54.32,302.46,3.86,1221,1378,54,0,normal
2026-05-19 13:04:51.606390,56.08,56.61,312.69,4.04,1079,1315,57,0,normal
2026-05-19 13:09:51.606390,59.87,52.67,356.25,4.67,1008,1439,69,0,normal
2026-05-19 13:14:51.606390,64.1,55.53,282.16,7.45,1032,1362,104,0,normal
2026-05-19 13:19:51.606390,62.49,58.35,1981.47,5.14,877,1395,74,1,latency_spike
2026-05-19 13:24:51.606390,63.24,54.29,299.03,4.03,1130,1532,63,0,normal
2026-05-19 13:29:51.606390,56.93,53.04,267.59,4.17,1269,1554,68,0,normal
2026-05-19 13:34:51.606390,55.5,53.43,336.14,5.44,990,1327,76,0,normal
2026-05-19 13:39:51.606390,58.09,52.55,283.19,5.8,1307,1615,96,0,normal
2026-05-19 13:44:51.606390,58.64,53.16,274.74,4.92,1057,1408,72,0,normal
2026-05-19 13:49:51.606390,61.76,53.99,277.58,4.99,1235,1399,74,0,normal
2026-05-19 13:54:51.606390,53.4,51.92,313.29,3.99,1100,1370,61,0,normal
2026-05-19 13:59:51.606390,63.07,54.76,287.02,5.72,1099,1464,86,0,normal
2026-05-19 14:04:51.606390,58.41,56.8,275.15,5.55,1264,1670,98,0,normal
2026-05-19 14:09:51.606390,57.6,53.18,344.38,4.3,1158,1318,59,0,normal
2026-05-19 14:14:51.606390,55.85,58.04,268.75,5.23,1117,1266,70,0,normal
2026-05-19 14:19:51.606390,53.93,56.02,295.52,4.24,886,1499,66,0,normal
2026-05-19 14:24:51.606390,61.36,57.06,314.03,4.04,929,1529,63,0,normal
2026-05-19 14:29:51.606390,59.12,53.68,245.54,4.22,1126,1478,69,0,normal
2026-05-19 14:34:51.606390,55.03,56.71,308.9,4.2,1227,1532,67,0,normal
2026-05-19 14:39:51.606390,55.02,52.82,262.86,4.41,1093,1359,66,0,normal
2026-05-19 14:44:51.606390,57.9,56.78,319.21,4.54,1021,1378,69,0,normal
2026-05-19 14:49:51.606390,63.91,55.34,265.66,4.71,896,1485,77,0,normal
2026-05-19 14:54:51.606390,58.13,56.11,315.34,4.65,1002,1649,80,0,normal
2026-05-19 14:59:51.606390,54.4,52.65,327.74,4.32,1093,1529,70,0,normal
2026-05-19 15:04:51.606390,57.78,52.94,317.78,3.99,984,1520,65,0,normal
2026-05-19 15:09:51.606390,57.71,55.93,299.5,4.89,973,1352,67,0,normal
2026-05-19 15:14:51.606390,50.44,52.83,285.03,4.46,1065,1502,76,0,normal
2026-05-19 15:19:51.606390,58.37,55.66,274.69,4.31,1215,1342,60,0,normal
2026-05-19 15:24:51.606390,57.84,52.0,336.13,5.98,1138,1637,99,0,normal
2026-05-19 15:29:51.606390,60.62,56.43,271.03,5.33,1098,1359,75,0,normal
2026-05-19 15:34:51.606390,64.09,52.27,260.92,5.91,1089,1381,85,0,normal
2026-05-19 15:39:51.606390,61.92,55.84,312.01,4.64,1125,1313,64,0,normal
2026-05-19 15:44:51.606390,57.74,55.98,268.18,4.1,1059,1469,62,0,normal
2026-05-19 15:49:51.606390,55.23,53.34,263.57,5.15,1029,1465,78,0,normal
2026-05-19 15:54:51.606390,66.27,55.9,248.78,4.19,1144,1612,72,0,normal
2026-05-19 15:59:51.606390,58.73,55.25,277.62,4.54,1048,1538,71,0,normal
2026-05-19 16:04:51.606390,57.42,52.86,281.81,3.91,920,1342,53,0,normal
2026-05-19 16:09:51.606390,57.31,51.92,291.6,5.58,1183,1509,87,0,normal
2026-05-19 16:14:51.606390,57.98,50.01,312.86,3.97,852,1297,56,0,normal
2026-05-19 16:19:51.606390,56.96,54.63,300.14,6.17,1191,1350,86,0,normal
2026-05-19 16:24:51.606390,55.67,50.8,278.62,5.84,1090,88,84,1,transaction_drop
2026-05-19 16:29:51.606390,55.76,54.13,278.42,4.46,942,1309,64,0,normal
2026-05-19 16:34:51.606390,57.3,53.41,299.68,5.2,1042,1528,86,0,normal
2026-05-19 16:39:51.606390,55.77,55.29,322.57,4.81,996,1650,80,0,normal
2026-05-19 16:44:51.606390,55.27,53.33,288.2,5.47,1120,1393,79,0,normal
2026-05-19 16:49:51.606390,57.73,53.28,270.35,4.41,1118,1357,62,0,normal
2026-05-19 16:54:51.606390,56.65,55.4,254.65,5.38,1086,1409,79,0,normal
2026-05-19 16:59:51.606390,61.93,54.6,241.09,4.46,1114,1367,64,0,normal
2026-05-19 17:04:51.606390,47.56,53.27,291.73,6.48,977,1385,94,0,normal
2026-05-19 17:09:51.606390,58.79,53.58,289.1,4.31,1165,1227,56,0,normal
2026-05-19 17:14:51.606390,59.25,49.57,289.09,4.27,1111,1391,63,0,normal
2026-05-19 17:19:51.606390,49.3,54.15,267.93,5.18,941,1550,84,0,normal
2026-05-19 17:24:51.606390,54.49,53.87,314.01,5.37,1070,1159,65,0,normal
2026-05-19 17:29:51.606390,54.41,50.61,257.29,4.45,1061,1242,57,0,normal
2026-05-19 17:34:51.606390,51.3,52.15,300.48,3.84,963,1315,55,0,normal
2026-05-19 17:39:51.606390,53.19,52.56,270.68,4.28,955,1413,63,0,normal
2026-05-19 17:44:51.606390,52.2,52.37,253.6,7.09,1111,1448,107,0,normal
2026-05-19 17:49:51.606390,60.79,53.31,289.64,5.04,988,1440,75,0,normal
2026-05-19 17:54:51.606390,58.34,55.5,284.17,5.31,1015,1190,66,0,normal
2026-05-19 17:59:51.606390,59.35,54.8,282.6,3.68,1129,1292,51,0,normal
2026-05-19 18:04:51.606390,55.14,48.28,257.22,4.02,1174,1184,52,0,normal
2026-05-19 18:09:51.606390,49.59,52.14,253.66,4.43,868,1267,58,0,normal
2026-05-19 18:14:51.606390,51.4,53.56,326.46,5.16,899,1276,70,0,normal
2026-05-19 18:19:51.606390,54.45,51.67,290.35,3.44,928,1137,41,0,normal
2026-05-19 18:24:51.606390,49.32,53.08,276.52,5.3,931,1230,68,0,normal
2026-05-19 18:29:51.606390,55.13,54.92,258.2,4.18,959,1332,60,0,normal
2026-05-19 18:34:51.606390,52.27,52.95,285.07,3.6,872,1211,48,0,normal
2026-05-19 18:39:51.606390,51.87,51.4,270.41,3.77,794,1254,51,0,normal
2026-05-19 18:44:51.606390,55.13,52.99,255.67,3.72,1097,1444,56,0,normal
2026-05-19 18:49:51.606390,54.33,51.19,245.79,4.14,982,1473,61,0,normal
2026-05-19 18:54:51.606390,51.92,50.95,252.48,3.44,879,1058,39,0,normal
2026-05-19 18:59:51.606390,56.48,50.2,159.81,3.56,965,1286,48,0,normal
2026-05-19 19:04:51.606390,46.63,51.9,240.37,4.74,1021,1462,72,0,normal
2026-05-19 19:09:51.606390,51.72,47.14,219.41,3.21,759,1218,40,0,normal
2026-05-19 19:14:51.606390,51.66,51.84,281.86,3.33,859,1172,42,0,normal
2026-05-19 19:19:51.606390,48.95,49.78,234.67,3.67,699,1302,51,0,normal
2026-05-19 19:24:51.606390,50.86,45.98,198.43,3.79,826,1192,47,0,normal
2026-05-19 19:29:51.606390,46.13,49.51,232.62,4.51,900,1241,56,0,normal
2026-05-19 19:34:51.606390,52.66,44.58,202.74,3.66,727,1150,47,0,normal
2026-05-19 19:39:51.606390,49.34,50.03,248.34,4.63,819,1191,59,0,normal
2026-05-19 19:44:51.606390,48.32,50.55,242.88,4.03,918,1213,51,0,normal
2026-05-19 19:49:51.606390,53.04,47.59,262.89,3.19,897,1257,42,0,normal
2026-05-19 19:54:51.606390,47.78,49.03,210.44,3.24,722,1128,38,0,normal
2026-05-19 19:59:51.606390,45.68,52.69,235.2,3.64,876,1125,43,0,normal
2026-05-19 20:04:51.606390,41.66,45.35,169.4,3.21,799,859,33,0,normal
2026-05-19 20:09:51.606390,48.15,44.24,231.41,4.06,754,1013,47,0,normal
2026-05-19 20:14:51.606390,42.49,49.32,225.94,3.57,852,1147,44,0,normal
2026-05-19 20:19:51.606390,51.6,50.28,225.26,3.19,684,1098,38,0,normal
2026-05-19 20:24:51.606390,40.09,46.36,210.45,54.13,784,952,515,1,error_spike
2026-05-19 20:29:51.606390,51.43,48.38,222.85,2.96,627,862,28,0,normal
2026-05-19 20:34:51.606390,46.97,49.04,258.55,3.56,583,1038,41,0,normal
2026-05-19 20:39:51.606390,46.05,44.87,201.88,72.12,821,1145,825,1,error_spike
2026-05-19 20:44:51.606390,44.71,45.39,214.6,3.43,745,1004,36,0,normal
2026-05-19 20:49:51.606390,47.55,48.82,177.87,2.89,697,908,29,0,normal
2026-05-19 20:54:51.606390,46.24,49.73,184.41,3.79,637,993,38,0,normal
2026-05-19 20:59:51.606390,49.66,47.48,213.41,4.62,826,1085,52,0,normal
2026-05-19 21:04:51.606390,42.82,41.97,217.72,2.61,489,1047,28,0,normal
2026-05-19 21:09:51.606390,42.93,47.71,176.92,2.99,739,897,30,0,normal
2026-05-19 21:14:51.606390,41.39,42.67,177.54,6.02,685,1029,66,0,normal
2026-05-19 21:19:51.606390,42.31,43.06,172.42,2.72,494,1018,33,0,normal
2026-05-19 21:24:51.606390,43.4,44.42,168.59,3.21,653,806,27,0,normal
2026-05-19 21:29:51.606390,37.35,46.84,193.5,2.4,905,1048,31,0,normal
2026-05-19 21:34:51.606390,38.44,45.44,139.74,3.24,759,953,32,0,normal
2026-05-19 21:39:51.606390,44.72,44.56,223.09,2.4,557,803,20,0,normal
2026-05-19 21:44:51.606390,43.0,44.66,164.71,5.51,712,1099,62,0,normal
2026-05-19 21:49:51.606390,41.94,43.82,206.34,3.57,499,911,34,0,normal
2026-05-19 21:54:51.606390,42.55,44.85,146.59,3.86,503,729,33,0,normal
2026-05-19 21:59:51.606390,43.54,38.67,204.77,3.53,633,853,33,0,normal
2026-05-19 22:04:51.606390,36.84,40.41,177.94,2.79,588,694,22,0,normal
2026-05-19 22:09:51.606390,36.13,41.48,169.31,2.5,614,721,23,0,normal
2026-05-19 22:14:51.606390,39.05,38.7,127.96,3.85,615,744,33,0,normal
2026-05-19 22:19:51.606390,35.53,41.77,165.29,5.04,582,763,40,0,normal
2026-05-19 22:24:51.606390,39.69,40.59,122.32,2.59,371,760,21,0,normal
2026-05-19 22:29:51.606390,33.36,44.51,150.23,4.58,527,779,38,0,normal
2026-05-19 22:34:51.606390,41.56,44.15,188.71,2.78,630,848,28,0,normal
2026-05-19 22:39:51.606390,39.89,40.07,181.73,2.67,577,715,21,0,normal
2026-05-19 22:44:51.606390,39.24,40.7,158.3,2.51,551,907,26,0,normal
2026-05-19 22:49:51.606390,41.42,40.85,128.61,2.13,566,667,18,0,normal
2026-05-19 22:54:51.606390,43.47,40.1,177.22,1.9,564,851,21,0,normal
2026-05-19 22:59:51.606390,41.52,41.39,158.45,2.18,336,954,21,0,normal
2026-05-19 23:04:51.606390,32.96,39.48,88.26,2.61,648,772,25,0,normal
2026-05-19 23:09:51.606390,34.64,38.74,181.36,2.38,522,809,26,0,normal
2026-05-19 23:14:51.606390,36.61,42.25,157.16,2.5,604,693,20,0,normal
2026-05-19 23:19:51.606390,38.57,42.26,193.97,5.84,302,738,46,0,normal
2026-05-19 23:24:51.606390,40.04,39.39,125.05,2.33,699,946,24,0,normal
2026-05-19 23:29:51.606390,36.31,42.79,62.61,2.5,417,864,27,0,normal
2026-05-19 23:34:51.606390,39.05,39.74,166.29,2.04,787,831,19,0,normal
2026-05-19 23:39:51.606390,36.23,41.51,166.68,1.95,745,596,17,0,normal
2026-05-19 23:44:51.606390,36.66,42.64,107.22,3.39,401,718,26,0,normal
2026-05-19 23:49:51.606390,34.28,40.93,128.59,2.75,615,964,27,0,normal
2026-05-19 23:54:51.606390,35.73,41.91,240.61,3.33,431,831,31,0,normal
2026-05-19 23:59:51.606390,34.45,39.97,148.79,2.06,469,843,20,0,normal
2026-05-20 00:04:51.606390,35.58,40.61,179.9,2.75,471,807,24,0,normal
2026-05-20 00:09:51.606390,41.67,40.59,138.46,2.19,578,729,21,0,normal
2026-05-20 00:14:51.606390,35.66,39.51,95.28,2.16,566,823,20,0,normal
2026-05-20 00:19:51.606390,46.41,40.65,152.88,1.91,413,637,20,0,normal
2026-05-20 00:24:51.606390,39.99,37.9,150.03,2.04,577,629,17,0,normal
2026-05-20 00:29:51.606390,39.07,40.02,146.01,2.27,513,717,22,0,normal
2026-05-20 00:34:51.606390,35.94,40.43,154.58,2.02,351,809,20,0,normal
2026-05-20 00:39:51.606390,40.62,40.49,165.95,6.16,490,633,40,0,normal
2026-05-20 00:44:51.606390,36.79,40.52,153.53,2.27,699,803,24,0,normal
2026-05-20 00:49:51.606390,94.74,40.88,120.12,2.04,493,691,19,1,cpu_spike
2026-05-20 00:54:51.606390,46.2,41.96,172.63,2.12,350,704,23,0,normal
2026-05-20 00:59:51.606390,38.24,42.75,99.57,2.79,615,920,28,0,normal
2026-05-20 01:04:51.606390,41.98,39.7,96.55,1.97,441,794,18,0,normal
2026-05-20 01:09:51.606390,36.42,38.59,180.25,3.88,555,700,32,0,normal
2026-05-20 01:14:51.606390,38.43,38.92,173.29,5.16,516,809,46,0,normal
2026-05-20 01:19:51.606390,43.85,40.03,156.37,2.18,710,643,18,0,normal
2026-05-20 01:24:51.606390,36.65,40.3,116.23,2.5,516,829,26,0,normal
2026-05-20 01:29:51.606390,43.97,39.46,136.87,1.92,419,901,20,0,normal
2026-05-20 01:34:51.606390,40.66,38.41,150.23,2.92,487,857,28,0,normal
2026-05-20 01:39:51.606390,36.85,40.09,110.24,2.43,411,1006,30,0,normal
2026-05-20 01:44:51.606390,40.44,41.36,135.96,2.21,513,597,15,0,normal
2026-05-20 01:49:51.606390,41.46,42.19,177.7,2.13,711,803,20,0,normal
2026-05-20 01:54:51.606390,40.41,39.89,200.96,2.96,659,656,22,0,normal
2026-05-20 01:59:51.606390,33.84,40.17,145.57,2.44,738,773,21,0,normal
2026-05-20 02:04:51.606390,36.37,39.15,180.85,2.1,582,791,18,0,normal
2026-05-20 02:09:51.606390,37.81,40.94,100.74,3.07,548,1019,32,0,normal
2026-05-20 02:14:51.606390,38.33,39.3,177.96,2.73,434,785,23,0,normal
2026-05-20 02:19:51.606390,40.42,42.15,134.06,3.86,561,783,32,0,normal
2026-05-20 02:24:51.606390,39.09,37.43,167.41,2.02,521,891,19,0,normal
2026-05-20 02:29:51.606390,34.55,40.28,150.77,3.44,612,786,27,0,normal
2026-05-20 02:34:51.606390,39.7,41.6,197.82,3.02,422,974,31,0,normal
2026-05-20 02:39:51.606390,40.4,41.37,131.98,2.02,539,858,25,0,normal
2026-05-20 02:44:51.606390,40.25,46.39,177.05,3.09,377,874,31,0,normal
2026-05-20 02:49:51.606390,41.81,41.7,149.84,2.48,568,604,18,0,normal
2026-05-20 02:54:51.606390,41.07,38.99,153.49,4.8,602,990,52,0,normal
2026-05-20 02:59:51.606390,39.95,40.81,152.73,2.05,372,726,19,0,normal
2026-05-20 03:04:51.606390,38.36,37.45,132.88,2.93,400,790,24,0,normal
2026-05-20 03:09:51.606390,33.59,40.84,157.84,2.38,405,726,23,0,normal
2026-05-20 03:14:51.606390,39.87,39.33,156.39,5.04,516,689,37,0,normal
2026-05-20 03:19:51.606390,39.2,42.83,165.51,2.3,394,671,16,0,normal
2026-05-20 03:24:51.606390,39.4,39.9,160.82,5.18,672,802,48,0,normal
2026-05-20 03:29:51.606390,34.75,40.77,182.23,4.22,578,594,28,0,normal
2026-05-20 03:34:51.606390,35.34,39.73,186.01,2.22,594,767,20,0,normal
2026-05-20 03:39:51.606390,41.75,44.48,126.79,3.53,375,897,37,0,normal
2026-05-20 03:44:51.606390,38.47,40.36,184.38,7.33,664,855,65,0,normal
2026-05-20 03:49:51.606390,40.64,44.67,122.74,2.19,599,835,20,0,normal
2026-05-20 03:54:51.606390,38.68,42.63,175.97,2.47,466,702,18,0,normal
2026-05-20 03:59:51.606390,38.68,41.96,176.93,2.63,380,633,20,0,normal
2026-05-20 04:04:51.606390,41.41,41.74,101.01,2.25,527,896,22,0,normal
2026-05-20 04:09:51.606390,37.05,41.79,161.15,1.92,488,747,22,0,normal
2026-05-20 04:14:51.606390,38.89,37.14,144.31,2.15,492,784,17,0,normal
2026-05-20 04:19:51.606390,37.22,40.44,135.61,2.23,464,772,528,1,failed_transaction_spike
2026-05-20 04:24:51.606390,37.3,42.69,198.91,2.49,607,859,22,0,normal
2026-05-20 04:29:51.606390,37.68,40.9,138.78,2.09,275,976,24,0,normal
2026-05-20 04:34:51.606390,39.28,38.19,134.21,3.97,678,938,39,0,normal
2026-05-20 04:39:51.606390,37.17,40.9,160.68,3.12,634,559,21,0,normal
2026-05-20 04:44:51.606390,42.38,44.41,178.98,1.99,556,761,19,0,normal
2026-05-20 04:49:51.606390,35.93,43.49,154.17,2.95,520,657,22,0,normal
2026-05-20 04:54:51.606390,38.06,40.88,193.42,2.96,643,886,28,0,normal
2026-05-20 04:59:51.606390,37.3,42.9,174.37,5.03,530,793,41,0,normal
2026-05-20 05:04:51.606390,42.96,40.27,93.1,1.9,507,853,18,0,normal
2026-05-20 05:09:51.606390,39.21,37.59,142.57,2.18,649,753,17,0,normal
2026-05-20 05:14:51.606390,41.72,39.15,141.61,4.53,744,688,33,0,normal
2026-05-20 05:19:51.606390,34.17,44.13,172.85,4.59,438,706,33,0,normal
2026-05-20 05:24:51.606390,39.43,40.45,79.73,3.18,577,639,21,0,normal
2026-05-20 05:29:51.606390,41.3,40.51,234.95,3.35,426,666,25,0,normal
2026-05-20 05:34:51.606390,38.88,40.4,174.42,2.0,585,645,14,0,normal
2026-05-20 05:39:51.606390,41.83,44.81,162.97,2.62,457,689,21,0,normal
2026-05-20 05:44:51.606390,37.08,44.25,193.95,2.16,656,683,17,0,normal
2026-05-20 05:49:51.606390,42.87,45.44,228.83,2.1,525,832,20,0,normal
2026-05-20 05:54:51.606390,45.54,40.68,184.65,3.56,540,828,31,0,normal
2026-05-20 05:59:51.606390,37.55,41.59,187.0,2.05,698,832,21,0,normal
2026-05-20 06:04:51.606390,37.31,37.97,162.46,2.53,462,910,24,0,normal
2026-05-20 06:09:51.606390,43.01,43.95,154.3,4.69,604,785,40,0,normal
2026-05-20 06:14:51.606390,43.39,38.66,144.28,2.11,472,715,18,0,normal
2026-05-20 06:19:51.606390,37.08,41.43,133.78,5.72,655,1014,62,0,normal
2026-05-20 06:24:51.606390,37.39,38.81,137.96,7.07,714,883,66,0,normal
2026-05-20 06:29:51.606390,37.81,39.82,118.06,2.71,509,808,26,0,normal
2026-05-20 06:34:51.606390,34.62,39.33,156.31,2.09,316,801,20,0,normal
2026-05-20 06:39:51.606390,35.9,39.78,108.06,2.28,466,822,23,0,normal
2026-05-20 06:44:51.606390,35.65,39.92,164.33,2.45,779,773,24,0,normal
2026-05-20 06:49:51.606390,36.36,39.9,157.52,2.27,476,806,21,0,normal
2026-05-20 06:54:51.606390,38.56,42.67,163.03,2.23,712,843,22,0,normal
2026-05-20 06:59:51.606390,39.37,38.79,142.96,5.48,475,720,42,0,normal
2026-05-20 07:04:51.606390,47.38,44.17,278.02,2.48,581,765,22,0,normal
2026-05-20 07:09:51.606390,39.74,46.17,226.53,3.63,722,721,30,0,normal
2026-05-20 07:14:51.606390,45.69,42.7,148.4,2.31,710,1017,26,0,normal
2026-05-20 07:19:51.606390,42.09,42.3,192.73,3.22,729,770,32,0,normal
2026-05-20 07:24:51.606390,42.59,43.27,167.51,4.79,644,975,51,0,normal
2026-05-20 07:29:51.606390,44.76,46.09,155.33,2.65,747,813,24,0,normal
2026-05-20 07:34:51.606390,39.37,44.12,145.57,2.51,740,815,22,0,normal
2026-05-20 07:39:51.606390,86.96,42.67,198.75,3.36,759,857,30,1,cpu_spike
2026-05-20 07:44:51.606390,43.25,44.7,165.35,3.56,582,948,36,0,normal
2026-05-20 07:49:51.606390,44.23,41.53,214.83,3.47,747,800,31,0,normal
2026-05-20 07:54:51.606390,43.62,45.09,215.62,2.69,592,867,29,0,normal
2026-05-20 07:59:51.606390,50.12,44.55,227.03,2.6,628,927,29,0,normal
2026-05-20 08:04:51.606390,44.75,45.74,186.31,5.83,731,938,58,0,normal
2026-05-20 08:09:51.606390,45.07,44.68,226.15,5.27,649,1202,65,0,normal
2026-05-20 08:14:51.606390,44.8,44.58,230.88,3.31,575,887,33,0,normal
2026-05-20 08:19:51.606390,45.0,47.43,197.69,4.58,871,1038,49,0,normal
2026-05-20 08:24:51.606390,44.76,48.82,188.77,3.31,678,1187,42,0,normal
2026-05-20 08:29:51.606390,50.24,45.08,260.22,3.26,722,927,34,0,normal
2026-05-20 08:34:51.606390,50.94,47.27,218.77,2.87,675,1049,31,0,normal
2026-05-20 08:39:51.606390,44.97,42.18,231.03,3.26,723,1073,44,0,normal
2026-05-20 08:44:51.606390,44.18,45.19,187.3,3.47,698,979,38,0,normal
2026-05-20 08:49:51.606390,48.1,46.3,175.4,2.73,877,1052,32,0,normal
2026-05-20 08:54:51.606390,45.03,44.54,194.9,3.29,690,1116,40,0,normal
2026-05-20 08:59:51.606390,48.59,44.48,208.28,4.22,920,1013,679,1,failed_transaction_spike
2026-05-20 09:04:51.606390,50.9,47.44,204.11,4.21,959,1257,55,0,normal
2026-05-20 09:09:51.606390,45.75,49.36,235.75,4.07,797,1220,54,0,normal
2026-05-20 09:14:51.606390,54.94,48.4,185.4,5.47,877,1122,63,0,normal
2026-05-20 09:19:51.606390,55.69,44.3,202.47,3.08,897,1293,42,0,normal
2026-05-20 09:24:51.606390,48.47,44.54,256.21,3.88,929,1106,45,0,normal
2026-05-20 09:29:51.606390,49.14,47.56,254.21,4.61,939,1266,61,0,normal
2026-05-20 09:34:51.606390,51.17,49.69,224.35,3.85,864,1108,45,0,normal
2026-05-20 09:39:51.606390,51.32,43.28,205.58,3.46,750,1149,43,0,normal
2026-05-20 09:44:51.606390,52.29,47.78,205.31,3.21,909,1164,40,0,normal
2026-05-20 09:49:51.606390,56.35,47.73,224.94,5.25,822,1215,67,0,normal
2026-05-20 09:54:51.606390,49.79,51.55,255.49,3.7,566,939,38,0,normal
2026-05-20 09:59:51.606390,47.93,48.01,264.01,5.17,884,1227,67,0,normal
2026-05-20 10:04:51.606390,49.35,51.67,242.35,4.27,856,1276,60,0,normal
2026-05-20 10:09:51.606390,51.3,51.18,222.66,4.51,884,1315,61,0,normal
2026-05-20 10:14:51.606390,53.39,46.64,265.31,5.02,930,1337,70,0,normal
2026-05-20 10:19:51.606390,58.88,52.44,232.58,4.46,774,1326,64,0,normal
2026-05-20 10:24:51.606390,51.94,51.33,241.75,3.89,944,1086,43,0,normal
2026-05-20 10:29:51.606390,54.17,51.92,297.07,4.11,898,1180,52,0,normal
2026-05-20 10:34:51.606390,53.45,58.75,282.14,5.01,842,1320,69,0,normal
2026-05-20 10:39:51.606390,57.07,46.73,262.08,3.85,935,1307,56,0,normal
2026-05-20 10:44:51.606390,61.09,54.35,219.19,3.88,761,1208,50,0,normal
2026-05-20 10:49:51.606390,51.92,50.32,263.71,3.49,938,1361,48,0,normal
2026-05-20 10:54:51.606390,52.04,51.47,289.26,5.85,977,1261,78,0,normal
2026-05-20 10:59:51.606390,56.65,50.81,246.12,3.48,961,1376,51,0,normal
2026-05-20 11:04:51.606390,58.16,51.79,315.24,4.69,1078,1495,72,0,normal
2026-05-20 11:09:51.606390,61.66,51.5,313.5,4.18,1116,1401,63,0,normal
2026-05-20 11:14:51.606390,57.87,53.3,324.65,4.17,991,1429,66,0,normal
2026-05-20 11:19:51.606390,55.04,49.61,283.9,4.78,1109,1313,66,0,normal
2026-05-20 11:24:51.606390,57.9,54.14,292.38,3.72,991,1463,60,0,normal
2026-05-20 11:29:51.606390,59.45,51.81,317.2,4.55,930,1396,68,0,normal
2026-05-20 11:34:51.606390,58.59,50.38,288.21,5.12,960,1344,71,0,normal
2026-05-20 11:39:51.606390,57.66,51.74,259.76,5.41,1026,1252,72,0,normal
2026-05-20 11:44:51.606390,59.34,55.15,261.36,3.83,1108,1326,52,0,normal
2026-05-20 11:49:51.606390,59.65,51.57,281.99,5.92,1000,1263,79,0,normal
2026-05-20 11:54:51.606390,60.29,53.36,236.13,4.71,933,1450,69,0,normal
2026-05-20 11:59:51.606390,58.09,51.18,270.56,5.78,1144,1496,89,0,normal
2026-05-20 12:04:51.606390,57.58,55.45,320.63,4.5,908,1530,74,0,normal
2026-05-20 12:09:51.606390,58.52,55.31,222.01,4.62,985,1687,79,0,normal
2026-05-20 12:14:51.606390,61.7,57.63,333.8,6.35,1141,1393,92,0,normal
2026-05-20 12:19:51.606390,55.63,53.58,321.45,6.14,1228,1499,93,0,normal
2026-05-20 12:24:51.606390,59.19,55.27,274.0,4.43,1100,1321,62,0,normal
2026-05-20 12:29:51.606390,56.91,54.13,304.11,4.16,1077,1419,61,0,normal
2026-05-20 12:34:51.606390,58.18,56.53,287.92,4.34,1023,1291,60,0,normal
2026-05-20 12:39:51.606390,61.93,52.5,324.74,4.33,1107,1496,68,0,normal
2026-05-20 12:44:51.606390,58.67,55.42,317.33,4.18,1065,1404,64,0,normal
2026-05-20 12:49:51.606390,58.24,53.54,245.86,4.15,977,1234,57,0,normal
2026-05-20 12:54:51.606390,54.03,53.81,305.5,5.81,1021,1371,84,0,normal
2026-05-20 12:59:51.606390,60.35,54.12,281.72,3.91,965,1619,68,0,normal
2026-05-20 13:04:51.606390,61.24,55.24,298.32,5.09,1085,1520,84,0,normal
2026-05-20 13:09:51.606390,65.79,54.5,274.0,4.15,1100,1556,67,0,normal
2026-05-20 13:14:51.606390,58.38,55.16,348.31,4.38,1247,1492,69,0,normal
2026-05-20 13:19:51.606390,59.97,57.89,327.08,4.02,1024,1461,65,0,normal
2026-05-20 13:24:51.606390,60.06,56.7,273.7,4.27,1066,1481,66,0,normal
2026-05-20 13:29:51.606390,64.05,56.47,255.87,5.42,1210,1504,89,0,normal
2026-05-20 13:34:51.606390,59.03,53.82,284.35,6.12,1265,1370,90,0,normal
2026-05-20 13:39:51.606390,60.16,52.95,308.97,4.21,1132,1556,69,0,normal
2026-05-20 13:44:51.606390,61.15,56.64,303.16,4.58,1059,1592,74,0,normal
2026-05-20 13:49:51.606390,59.89,56.48,333.56,4.6,1037,1460,69,0,normal
2026-05-20 13:54:51.606390,57.99,57.68,319.68,6.03,900,1428,90,0,normal
2026-05-20 13:59:51.606390,59.92,53.52,325.08,5.4,992,1406,80,0,normal
2026-05-20 14:04:51.606390,62.96,54.54,308.5,4.72,1105,1669,84,0,normal
2026-05-20 14:09:51.606390,56.66,51.72,257.03,5.11,1077,1448,78,0,normal
2026-05-20 14:14:51.606390,60.14,54.22,292.85,5.88,1158,1559,1157,1,failed_transaction_spike
2026-05-20 14:19:51.606390,57.65,56.99,330.54,4.01,1076,1475,1177,1,failed_transaction_spike
2026-05-20 14:24:51.606390,63.34,54.07,297.2,4.52,1023,1469,72,0,normal
2026-05-20 14:29:51.606390,55.18,56.28,313.86,6.38,1130,1417,91,0,normal
2026-05-20 14:34:51.606390,58.08,54.62,289.22,5.35,1346,1397,76,0,normal
2026-05-20 14:39:51.606390,60.89,55.65,267.9,4.78,1064,1568,82,0,normal
2026-05-20 14:44:51.606390,64.46,52.7,295.11,4.75,1110,1395,69,0,normal
2026-05-20 14:49:51.606390,59.57,55.17,308.1,4.43,1180,1540,71,0,normal
2026-05-20 14:54:51.606390,58.1,49.02,279.17,4.74,1039,1503,72,0,normal
2026-05-20 14:59:51.606390,65.41,54.63,291.78,5.07,1223,1570,82,0,normal
2026-05-20 15:04:51.606390,55.03,51.47,268.01,4.5,927,1420,65,0,normal
2026-05-20 15:09:51.606390,52.78,57.14,329.78,5.21,1044,1589,84,0,normal
2026-05-20 15:14:51.606390,60.7,56.29,287.38,5.93,1054,1467,89,0,normal
2026-05-20 15:19:51.606390,57.87,55.66,339.82,4.13,1100,1740,75,0,normal
2026-05-20 15:24:51.606390,56.32,57.77,342.11,4.56,888,1320,62,0,normal
2026-05-20 15:29:51.606390,61.51,52.83,293.83,4.48,1221,1724,84,0,normal
2026-05-20 15:34:51.606390,60.12,58.23,266.02,5.12,1127,1469,79,0,normal
2026-05-20 15:39:51.606390,57.7,56.6,233.72,4.25,1198,1504,68,0,normal
2026-05-20 15:44:51.606390,55.55,54.26,252.15,4.98,1247,1421,74,0,normal
2026-05-20 15:49:51.606390,62.02,57.0,255.11,6.06,1012,1325,84,0,normal
2026-05-20 15:54:51.606390,61.35,52.52,337.69,4.5,836,1429,68,0,normal
2026-05-20 15:59:51.606390,59.11,53.08,299.83,6.38,1200,1445,99,0,normal
2026-05-20 16:04:51.606390,63.76,52.72,300.11,8.83,1025,1460,133,0,normal
2026-05-20 16:09:51.606390,55.01,52.88,221.83,3.95,941,1554,65,0,normal
2026-05-20 16:14:51.606390,53.65,51.82,252.51,4.11,1112,1461,61,0,normal
2026-05-20 16:19:51.606390,56.15,56.38,315.08,6.84,1301,1463,101,0,normal
2026-05-20 16:24:51.606390,58.09,53.42,297.09,7.02,1043,1481,105,0,normal
2026-05-20 16:29:51.606390,58.96,54.64,284.08,3.94,1149,1267,55,0,normal
2026-05-20 16:34:51.606390,57.51,52.79,305.46,3.86,956,1276,55,0,normal
2026-05-20 16:39:51.606390,59.29,50.29,337.6,4.02,886,1293,55,0,normal
2026-05-20 16:44:51.606390,54.48,54.47,281.91,9.36,1146,1405,138,0,normal
2026-05-20 16:49:51.606390,62.57,50.11,290.63,4.04,1109,1256,58,0,normal
2026-05-20 16:54:51.606390,58.0,53.8,294.35,4.54,1008,1374,64,0,normal
2026-05-20 16:59:51.606390,61.6,51.2,360.35,5.73,1225,1306,78,0,normal
2026-05-20 17:04:51.606390,57.34,56.62,212.71,3.67,827,1427,55,0,normal
2026-05-20 17:09:51.606390,57.69,54.46,296.2,4.57,880,1422,67,0,normal
2026-05-20 17:14:51.606390,58.03,52.85,272.28,3.97,949,1349,56,0,normal
2026-05-20 17:19:51.606390,57.67,55.17,292.74,5.63,968,1189,68,0,normal
2026-05-20 17:24:51.606390,58.25,50.95,256.03,3.98,1150,1355,56,0,normal
2026-05-20 17:29:51.606390,60.32,53.73,274.29,4.81,1008,1412,72,0,normal
2026-05-20 17:34:51.606390,56.92,53.04,297.12,4.77,984,1460,71,0,normal
2026-05-20 17:39:51.606390,58.46,53.17,369.18,3.9,876,1554,66,0,normal
2026-05-20 17:44:51.606390,56.07,55.19,300.04,3.68,1112,1491,58,0,normal
2026-05-20 17:49:51.606390,60.66,54.11,250.37,4.17,890,1396,61,0,normal
2026-05-20 17:54:51.606390,54.31,53.22,263.12,3.99,876,1351,57,0,normal
2026-05-20 17:59:51.606390,61.75,49.33,262.24,5.3,964,1305,73,0,normal
2026-05-20 18:04:51.606390,92.38,48.98,204.61,5.0,950,1428,71,1,cpu_spike
2026-05-20 18:09:51.606390,49.45,50.65,248.59,4.0,862,1309,56,0,normal
2026-05-20 18:14:51.606390,54.13,51.09,280.49,4.32,1005,1356,65,0,normal
2026-05-20 18:19:51.606390,51.71,48.64,220.29,4.31,906,1234,57,0,normal
2026-05-20 18:24:51.606390,56.28,55.72,289.99,5.14,1040,1169,61,0,normal
2026-05-20 18:29:51.606390,51.8,53.93,273.18,3.94,985,1253,52,0,normal
2026-05-20 18:34:51.606390,52.42,52.1,236.53,3.71,1114,1262,47,0,normal
2026-05-20 18:39:51.606390,48.09,51.04,254.33,3.69,890,1312,53,0,normal
2026-05-20 18:44:51.606390,52.41,50.48,306.53,4.15,1019,1219,54,0,normal
2026-05-20 18:49:51.606390,46.49,49.0,280.6,3.98,756,1295,54,0,normal
2026-05-20 18:54:51.606390,49.02,51.05,258.87,3.96,1224,1411,60,0,normal
2026-05-20 18:59:51.606390,56.05,51.42,251.49,3.48,1014,1126,43,0,normal
2026-05-20 19:04:51.606390,52.95,46.29,239.75,4.33,820,976,48,0,normal
2026-05-20 19:09:51.606390,51.88,49.45,222.11,3.31,824,1312,46,0,normal
2026-05-20 19:14:51.606390,47.7,48.47,174.33,3.29,825,1041,36,0,normal
2026-05-20 19:19:51.606390,50.46,44.96,298.75,3.6,1034,1149,41,0,normal
2026-05-20 19:24:51.606390,50.6,47.06,242.16,3.33,940,1248,45,0,normal
2026-05-20 19:29:51.606390,47.13,47.95,249.45,3.94,806,1182,50,0,normal
2026-05-20 19:34:51.606390,55.12,52.55,235.78,3.53,726,1180,46,0,normal
2026-05-20 19:39:51.606390,53.25,49.89,215.48,3.66,970,1195,47,0,normal
2026-05-20 19:44:51.606390,49.95,46.11,231.97,3.84,934,1440,59,0,normal
2026-05-20 19:49:51.606390,50.7,49.75,189.57,3.29,921,1366,46,0,normal
2026-05-20 19:54:51.606390,51.25,45.68,305.88,70.6,842,1118,789,1,error_spike
2026-05-20 19:59:51.606390,44.5,50.94,200.54,5.19,820,1293,70,0,normal
2026-05-20 20:04:51.606390,46.26,45.42,182.45,3.27,922,1118,39,0,normal
2026-05-20 20:09:51.606390,44.96,46.17,200.21,3.23,932,1065,37,0,normal
2026-05-20 20:14:51.606390,44.0,49.01,252.07,2.74,818,976,29,0,normal
2026-05-20 20:19:51.606390,46.16,43.78,213.87,3.39,851,1112,41,0,normal
2026-05-20 20:24:51.606390,52.4,43.56,176.36,3.51,777,1037,39,0,normal
2026-05-20 20:29:51.606390,48.93,45.19,251.09,3.52,617,1029,36,0,normal
2026-05-20 20:34:51.606390,45.3,48.43,235.4,3.93,656,991,40,0,normal
2026-05-20 20:39:51.606390,48.73,43.32,229.63,2.9,869,1167,36,0,normal
2026-05-20 20:44:51.606390,51.22,40.69,234.96,2.99,881,991,34,0,normal
2026-05-20 20:49:51.606390,49.79,45.46,285.33,4.37,859,991,46,0,normal
2026-05-20 20:54:51.606390,47.2,47.46,279.06,5.64,789,1145,65,0,normal
2026-05-20 20:59:51.606390,45.08,48.76,192.92,2.85,863,1053,35,0,normal
2026-05-20 21:04:51.606390,45.18,42.8,235.99,3.0,643,925,31,0,normal
2026-05-20 21:09:51.606390,44.27,42.91,198.78,2.55,711,187,29,1,transaction_drop
2026-05-20 21:14:51.606390,45.78,46.04,202.27,2.37,629,1068,27,0,normal
2026-05-20 21:19:51.606390,45.0,39.99,136.54,2.7,544,724,22,0,normal
2026-05-20 21:24:51.606390,46.25,42.95,182.2,2.46,736,924,24,0,normal
2026-05-20 21:29:51.606390,41.49,44.11,162.94,3.55,777,796,28,0,normal
2026-05-20 21:34:51.606390,47.05,44.63,212.17,3.07,897,898,33,0,normal
2026-05-20 21:39:51.606390,43.7,42.71,219.47,2.46,676,936,28,0,normal
2026-05-20 21:44:51.606390,49.33,43.8,125.12,2.32,545,901,21,0,normal
2026-05-20 21:49:51.606390,41.04,38.75,186.7,3.96,617,834,34,0,normal
2026-05-20 21:54:51.606390,48.32,42.41,221.02,2.5,636,829,23,0,normal
2026-05-20 21:59:51.606390,43.71,44.64,181.78,3.24,664,1010,35,0,normal
2026-05-20 22:04:51.606390,37.06,39.04,181.94,2.31,587,954,26,0,normal
2026-05-20 22:09:51.606390,37.57,41.12,170.61,2.78,577,594,19,0,normal
2026-05-20 22:14:51.606390,38.06,41.89,170.33,2.28,618,768,22,0,normal
2026-05-20 22:19:51.606390,40.29,40.31,151.95,1.99,560,874,20,0,normal
2026-05-20 22:24:51.606390,40.59,41.34,123.6,2.15,318,797,19,0,normal
2026-05-20 22:29:51.606390,37.3,39.07,126.46,2.11,563,689,19,0,normal
2026-05-20 22:34:51.606390,38.95,40.59,181.39,2.46,549,753,23,0,normal
2026-05-20 22:39:51.606390,45.46,42.22,160.7,2.97,595,831,27,0,normal
2026-05-20 22:44:51.606390,44.21,41.31,155.97,2.21,504,770,17,0,normal
2026-05-20 22:49:51.606390,40.34,39.83,147.42,1.91,563,796,20,0,normal
2026-05-20 22:54:51.606390,39.15,41.45,150.99,2.63,596,799,23,0,normal
2026-05-20 22:59:51.606390,39.4,42.43,191.56,2.83,525,748,24,0,normal
2026-05-20 23:04:51.606390,40.88,36.9,150.1,5.19,608,882,46,0,normal
2026-05-20 23:09:51.606390,35.97,43.32,119.93,2.79,548,753,26,0,normal
2026-05-20 23:14:51.606390,38.27,40.33,182.48,2.54,556,700,21,0,normal
2026-05-20 23:19:51.606390,34.04,41.85,154.04,2.75,248,1024,31,0,normal
2026-05-20 23:24:51.606390,40.24,43.39,161.13,4.53,426,793,37,0,normal
2026-05-20 23:29:51.606390,40.99,38.26,208.43,3.66,427,541,26,0,normal
2026-05-20 23:34:51.606390,37.6,39.58,159.59,2.29,562,927,23,0,normal
2026-05-20 23:39:51.606390,43.77,40.42,168.89,2.17,668,926,24,0,normal
2026-05-20 23:44:51.606390,35.38,39.43,124.85,2.2,529,847,22,0,normal
2026-05-20 23:49:51.606390,34.66,44.47,153.64,2.6,626,864,23,0,normal
2026-05-20 23:54:51.606390,39.73,39.29,178.52,3.26,606,1017,36,0,normal
2026-05-20 23:59:51.606390,42.2,39.89,113.58,2.6,555,705,21,0,normal
2026-05-21 00:04:51.606390,44.11,41.41,166.28,1.97,598,815,17,0,normal
2026-05-21 00:09:51.606390,37.69,38.6,163.29,3.19,565,998,37,0,normal
2026-05-21 00:14:51.606390,42.3,40.21,161.51,3.54,527,1020,38,0,normal
2026-05-21 00:19:51.606390,38.95,41.63,191.39,2.24,580,765,25,0,normal
2026-05-21 00:24:51.606390,38.55,40.33,170.32,2.99,686,1002,35,0,normal
2026-05-21 00:29:51.606390,41.72,40.81,204.64,2.46,588,882,25,0,normal
2026-05-21 00:34:51.606390,41.03,39.94,130.49,4.1,563,951,41,0,normal
2026-05-21 00:39:51.606390,34.35,37.97,164.39,3.77,453,879,33,0,normal
2026-05-21 00:44:51.606390,43.51,41.64,162.85,2.65,683,832,24,0,normal
2026-05-21 00:49:51.606390,43.22,44.51,128.25,3.08,400,1023,37,0,normal
2026-05-21 00:54:51.606390,37.2,41.04,189.02,4.05,371,749,34,0,normal
2026-05-21 00:59:51.606390,40.27,41.45,230.08,2.58,578,992,29,0,normal
2026-05-21 01:04:51.606390,40.57,42.39,159.84,2.28,453,1008,27,0,normal
2026-05-21 01:09:51.606390,39.87,38.46,175.51,3.3,650,938,33,0,normal
2026-05-21 01:14:51.606390,37.44,44.41,162.9,2.15,373,795,19,0,normal
2026-05-21 01:19:51.606390,37.08,41.4,138.97,2.39,637,826,22,0,normal
2026-05-21 01:24:51.606390,39.02,44.26,105.76,3.91,623,674,29,0,normal
2026-05-21 01:29:51.606390,42.61,39.53,139.22,3.19,553,757,27,0,normal
2026-05-21 01:34:51.606390,40.73,44.64,118.64,2.42,331,864,26,0,normal
2026-05-21 01:39:51.606390,37.99,42.55,211.53,2.14,369,659,19,0,normal
2026-05-21 01:44:51.606390,41.42,42.11,156.96,2.34,565,772,20,0,normal
2026-05-21 01:49:51.606390,30.56,41.47,150.04,2.23,518,997,22,0,normal
2026-05-21 01:54:51.606390,42.55,40.5,187.1,2.09,614,787,17,0,normal
2026-05-21 01:59:51.606390,33.89,43.4,126.78,3.26,535,906,33,0,normal
2026-05-21 02:04:51.606390,38.02,41.28,137.44,2.19,526,859,21,0,normal
2026-05-21 02:09:51.606390,35.75,37.07,162.49,2.51,299,771,24,0,normal
2026-05-21 02:14:51.606390,35.23,38.77,191.32,2.39,624,787,21,0,normal
2026-05-21 02:19:51.606390,42.6,40.63,175.52,5.92,477,819,51,0,normal
2026-05-21 02:24:51.606390,37.71,41.62,167.93,2.4,502,597,19,0,normal
2026-05-21 02:29:51.606390,40.16,40.89,162.83,1.98,435,897,25,0,normal
2026-05-21 02:34:51.606390,38.98,43.44,172.5,1.99,388,791,20,0,normal
2026-05-21 02:39:51.606390,40.55,37.1,166.55,2.79,689,901,30,0,normal
2026-05-21 02:44:51.606390,39.35,41.29,129.61,2.81,621,841,27,0,normal
2026-05-21 02:49:51.606390,35.28,37.36,161.9,2.44,623,786,24,0,normal
2026-05-21 02:54:51.606390,42.12,42.52,128.31,2.47,520,822,22,0,normal
2026-05-21 02:59:51.606390,37.65,40.81,162.96,1.96,368,823,22,0,normal
2026-05-21 03:04:51.606390,34.46,41.84,146.12,2.63,752,950,27,0,normal
2026-05-21 03:09:51.606390,37.85,39.27,236.73,2.6,584,809,22,0,normal
2026-05-21 03:14:51.606390,43.64,43.56,159.36,2.06,556,832,18,0,normal
2026-05-21 03:19:51.606390,41.69,43.08,118.44,2.01,506,677,22,0,normal
2026-05-21 03:24:51.606390,38.09,42.17,156.55,2.03,337,798,21,0,normal
2026-05-21 03:29:51.606390,38.09,40.74,176.16,2.01,656,948,23,0,normal
2026-05-21 03:34:51.606390,38.18,42.16,210.79,2.84,436,846,25,0,normal
2026-05-21 03:39:51.606390,45.38,39.59,142.91,2.12,597,695,21,0,normal
2026-05-21 03:44:51.606390,40.29,42.71,113.13,2.19,619,706,16,0,normal
2026-05-21 03:49:51.606390,40.44,44.3,185.12,2.09,575,729,20,0,normal
2026-05-21 03:54:51.606390,42.24,43.14,119.2,5.07,589,903,48,0,normal
2026-05-21 03:59:51.606390,39.87,39.54,147.54,3.83,677,891,40,0,normal
2026-05-21 04:04:51.606390,38.38,41.72,152.91,2.16,463,458,13,0,normal
2026-05-21 04:09:51.606390,38.57,38.41,158.55,2.3,559,795,24,0,normal
2026-05-21 04:14:51.606390,38.94,42.14,181.33,2.14,520,818,20,0,normal
2026-05-21 04:19:51.606390,39.05,41.9,140.15,2.58,358,707,24,0,normal
2026-05-21 04:24:51.606390,41.35,37.26,152.45,1.92,571,764,20,0,normal
2026-05-21 04:29:51.606390,39.32,38.68,160.25,3.01,667,936,29,0,normal
2026-05-21 04:34:51.606390,41.36,40.43,165.17,2.64,680,844,25,0,normal
2026-05-21 04:39:51.606390,38.93,40.4,163.63,4.19,728,753,250,1,failed_transaction_spike
2026-05-21 04:44:51.606390,39.41,38.58,173.78,2.08,365,785,18,0,normal
2026-05-21 04:49:51.606390,33.18,41.78,186.02,3.53,705,781,32,0,normal
2026-05-21 04:54:51.606390,41.92,41.5,172.49,3.47,561,832,31,0,normal
2026-05-21 04:59:51.606390,40.22,40.61,174.33,2.04,702,661,17,0,normal
2026-05-21 05:04:51.606390,42.17,39.49,113.26,2.41,503,737,22,0,normal
2026-05-21 05:09:51.606390,30.49,43.1,162.24,2.09,489,907,19,0,normal
2026-05-21 05:14:51.606390,45.45,44.31,175.13,2.19,421,796,21,0,normal
2026-05-21 05:19:51.606390,38.77,40.03,182.62,2.21,620,719,18,0,normal
2026-05-21 05:24:51.606390,42.51,39.78,139.99,2.71,594,723,23,0,normal
2026-05-21 05:29:51.606390,36.07,41.98,141.0,2.43,431,876,24,0,normal
2026-05-21 05:34:51.606390,41.03,40.28,143.55,4.85,326,752,38,0,normal
2026-05-21 05:39:51.606390,36.03,40.72,176.88,2.04,584,855,17,0,normal
2026-05-21 05:44:51.606390,37.32,42.48,191.81,5.54,596,741,42,0,normal
2026-05-21 05:49:51.606390,44.94,37.18,148.58,2.16,444,691,20,0,normal
2026-05-21 05:54:51.606390,38.63,43.64,188.05,3.38,424,828,32,0,normal
2026-05-21 05:59:51.606390,39.85,41.15,164.52,2.31,608,794,20,0,normal
2026-05-21 06:04:51.606390,41.81,40.18,157.1,2.05,728,873,19,0,normal
2026-05-21 06:09:51.606390,40.69,40.82,154.49,3.85,493,893,35,0,normal
2026-05-21 06:14:51.606390,39.66,40.92,183.24,2.27,455,768,20,0,normal
2026-05-21 06:19:51.606390,40.3,37.54,170.62,2.98,573,839,28,0,normal
2026-05-21 06:24:51.606390,46.42,43.99,229.13,2.74,606,765,24,0,normal
2026-05-21 06:29:51.606390,39.04,41.08,135.3,2.54,506,868,27,0,normal
2026-05-21 06:34:51.606390,39.82,41.89,176.42,2.58,745,828,25,0,normal
2026-05-21 06:39:51.606390,42.37,42.9,145.0,3.22,633,742,27,0,normal
2026-05-21 06:44:51.606390,42.53,38.96,134.81,1.99,505,734,15,0,normal
2026-05-21 06:49:51.606390,42.78,41.95,160.57,3.0,384,831,32,0,normal
2026-05-21 06:54:51.606390,41.14,40.46,165.03,4.16,675,921,41,0,normal
2026-05-21 06:59:51.606390,35.79,42.69,248.46,1.96,662,895,22,0,normal
2026-05-21 07:04:51.606390,48.25,39.48,182.87,2.46,623,848,25,0,normal
2026-05-21 07:09:51.606390,39.91,43.53,154.49,3.57,688,858,35,0,normal
2026-05-21 07:14:51.606390,44.26,42.53,196.6,2.88,638,873,26,0,normal
2026-05-21 07:19:51.606390,41.09,44.6,126.18,2.83,705,882,29,0,normal
2026-05-21 07:24:51.606390,43.16,44.67,185.67,2.46,551,760,22,0,normal
2026-05-21 07:29:51.606390,44.34,42.32,188.92,3.02,536,1021,35,0,normal
2026-05-21 07:34:51.606390,44.32,42.31,212.28,2.44,734,897,24,0,normal
2026-05-21 07:39:51.606390,44.63,43.51,217.66,2.96,747,988,34,0,normal
2026-05-21 07:44:51.606390,48.2,41.94,173.36,3.75,604,911,37,0,normal
2026-05-21 07:49:51.606390,44.72,45.42,183.96,2.61,578,940,26,0,normal
2026-05-21 07:54:51.606390,42.63,42.99,165.5,2.97,768,874,30,0,normal
2026-05-21 07:59:51.606390,46.26,37.92,154.65,7.14,582,940,73,0,normal
2026-05-21 08:04:51.606390,50.9,45.61,224.23,3.86,765,988,39,0,normal
2026-05-21 08:09:51.606390,43.65,44.28,176.73,4.54,752,1073,52,0,normal
2026-05-21 08:14:51.606390,49.13,43.1,202.51,3.24,612,1220,42,0,normal
2026-05-21 08:19:51.606390,49.45,43.88,185.11,4.16,778,1127,53,0,normal
2026-05-21 08:24:51.606390,46.45,46.58,231.46,2.74,769,1104,31,0,normal
2026-05-21 08:29:51.606390,51.47,49.01,269.03,2.83,795,943,31,0,normal
2026-05-21 08:34:51.606390,46.9,46.98,175.95,2.93,775,1132,35,0,normal
2026-05-21 08:39:51.606390,47.73,45.14,159.42,3.22,973,1141,42,0,normal
2026-05-21 08:44:51.606390,46.83,47.27,211.27,4.57,876,1102,52,0,normal
2026-05-21 08:49:51.606390,47.4,45.44,215.5,3.13,763,1097,35,0,normal
2026-05-21 08:54:51.606390,44.07,44.97,221.6,3.77,772,1061,42,0,normal
2026-05-21 08:59:51.606390,43.04,44.05,201.66,3.94,936,1140,50,0,normal
2026-05-21 09:04:51.606390,55.8,45.27,233.41,3.95,943,1337,55,0,normal
2026-05-21 09:09:51.606390,48.48,48.0,250.47,3.51,734,1230,45,0,normal
2026-05-21 09:14:51.606390,48.05,49.09,270.67,3.93,952,1100,46,0,normal
2026-05-21 09:19:51.606390,44.57,48.58,180.82,3.49,981,1108,43,0,normal
2026-05-21 09:24:51.606390,49.11,47.95,228.41,3.15,1019,1270,42,0,normal
2026-05-21 09:29:51.606390,47.06,46.89,245.9,8.0,817,1101,92,0,normal
2026-05-21 09:34:51.606390,55.96,49.99,211.96,3.2,810,1218,43,0,normal
2026-05-21 09:39:51.606390,54.07,46.14,291.45,3.14,763,1163,40,0,normal
2026-05-21 09:44:51.606390,48.97,50.33,220.46,5.17,888,1090,63,0,normal
2026-05-21 09:49:51.606390,57.8,46.77,238.3,3.43,931,1281,44,0,normal
2026-05-21 09:54:51.606390,53.99,47.27,256.23,4.12,806,1268,56,0,normal
2026-05-21 09:59:51.606390,50.07,45.84,221.82,3.47,843,1062,42,0,normal
2026-05-21 10:04:51.606390,46.76,49.9,205.55,3.88,738,1353,56,0,normal
2026-05-21 10:09:51.606390,61.13,52.85,248.1,3.69,1094,1338,49,0,normal
2026-05-21 10:14:51.606390,50.09,51.93,291.86,3.81,787,1389,58,0,normal
2026-05-21 10:19:51.606390,49.33,52.86,250.88,3.91,981,1322,56,0,normal
2026-05-21 10:24:51.606390,57.33,51.94,235.61,4.66,967,1448,68,0,normal
2026-05-21 10:29:51.606390,61.59,48.69,288.78,4.1,948,1292,53,0,normal
2026-05-21 10:34:51.606390,58.42,50.24,251.1,6.26,950,1278,83,0,normal
2026-05-21 10:39:51.606390,55.97,49.34,245.73,3.43,842,1208,45,0,normal
2026-05-21 10:44:51.606390,56.06,53.56,265.53,4.08,911,1212,53,0,normal
2026-05-21 10:49:51.606390,56.84,48.51,284.19,4.26,1040,1203,52,0,normal
2026-05-21 10:54:51.606390,56.56,52.69,332.53,5.91,1070,1327,80,0,normal
2026-05-21 10:59:51.606390,55.13,52.69,285.91,3.44,901,1279,45,0,normal
2026-05-21 11:04:51.606390,57.23,56.3,313.45,4.5,858,1426,65,0,normal
2026-05-21 11:09:51.606390,56.74,51.82,263.49,5.57,936,1272,71,0,normal
2026-05-21 11:14:51.606390,54.66,54.07,247.91,3.92,1199,1308,55,0,normal
2026-05-21 11:19:51.606390,56.09,57.2,280.57,5.74,942,1306,78,0,normal
2026-05-21 11:24:51.606390,51.85,51.41,281.92,3.67,1004,1610,60,0,normal
2026-05-21 11:29:51.606390,56.64,49.57,246.37,4.96,1156,1377,73,0,normal
2026-05-21 11:34:51.606390,53.97,48.88,273.48,6.35,961,1387,93,0,normal
2026-05-21 11:39:51.606390,53.63,54.07,290.73,4.72,998,1386,68,0,normal
2026-05-21 11:44:51.606390,57.48,48.87,289.58,4.22,1094,1549,72,0,normal
2026-05-21 11:49:51.606390,61.12,51.9,293.91,63.49,1185,1233,782,1,error_spike
2026-05-21 11:54:51.606390,59.7,53.52,287.52,6.17,950,1388,89,0,normal
2026-05-21 11:59:51.606390,52.24,53.01,263.59,4.28,1154,1232,58,0,normal
2026-05-21 12:04:51.606390,55.94,54.79,276.45,3.87,1038,1221,49,0,normal
2026-05-21 12:09:51.606390,61.74,54.38,255.91,5.01,978,1386,71,0,normal
2026-05-21 12:14:51.606390,55.97,56.49,345.44,4.5,1092,1501,69,0,normal
2026-05-21 12:19:51.606390,58.25,52.03,292.32,3.97,951,1380,60,0,normal
2026-05-21 12:24:51.606390,60.57,52.58,285.18,4.08,1114,1499,63,0,normal
2026-05-21 12:29:51.606390,56.02,52.39,264.08,3.91,1382,1470,58,0,normal
2026-05-21 12:34:51.606390,59.24,55.59,380.02,4.69,1177,1446,71,0,normal
2026-05-21 12:39:51.606390,54.93,55.74,259.77,4.81,1056,1586,79,0,normal
2026-05-21 12:44:51.606390,57.13,54.84,279.12,4.54,1172,1400,65,0,normal
2026-05-21 12:49:51.606390,59.9,56.3,304.47,5.54,974,1498,88,0,normal
2026-05-21 12:54:51.606390,54.16,51.58,310.02,5.81,991,1280,76,0,normal
2026-05-21 12:59:51.606390,60.26,57.27,320.76,4.8,1059,1470,75,0,normal
2026-05-21 13:04:51.606390,60.09,57.78,354.31,3.97,1108,1475,64,0,normal
2026-05-21 13:09:51.606390,61.81,56.2,315.28,5.15,970,1382,75,0,normal
2026-05-21 13:14:51.606390,60.83,58.29,268.43,4.5,1069,1540,74,0,normal
2026-05-21 13:19:51.606390,87.32,51.42,292.42,4.79,1085,1427,72,1,cpu_spike
2026-05-21 13:24:51.606390,60.54,53.68,309.38,5.01,1254,1674,88,0,normal
2026-05-21 13:29:51.606390,58.88,53.26,362.2,4.39,970,1257,57,0,normal
2026-05-21 13:34:51.606390,60.54,56.17,258.24,6.45,961,1526,104,0,normal
2026-05-21 13:39:51.606390,61.8,52.63,336.26,4.1,1117,1505,62,0,normal
2026-05-21 13:44:51.606390,60.32,56.25,305.6,5.07,1215,1473,76,0,normal
2026-05-21 13:49:51.606390,60.3,57.47,325.35,3.96,1155,1448,57,0,normal
2026-05-21 13:54:51.606390,58.08,56.12,297.17,6.55,1130,1508,101,0,normal
2026-05-21 13:59:51.606390,58.2,55.3,274.97,4.08,1071,1607,67,0,normal
2026-05-21 14:04:51.606390,56.39,53.02,325.5,4.1,1179,1348,57,0,normal
2026-05-21 14:09:51.606390,65.85,53.31,322.62,4.4,1194,1434,71,0,normal
2026-05-21 14:14:51.606390,56.87,57.5,332.17,4.47,1085,1410,68,0,normal
2026-05-21 14:19:51.606390,58.53,56.56,302.62,4.24,1016,1405,62,0,normal
2026-05-21 14:24:51.606390,58.45,54.92,285.04,4.88,1017,1549,77,0,normal
2026-05-21 14:29:51.606390,63.29,54.16,256.29,4.59,1199,1574,74,0,normal
2026-05-21 14:34:51.606390,59.73,50.95,327.65,4.03,957,1622,70,0,normal
2026-05-21 14:39:51.606390,64.36,52.86,315.8,4.39,1279,1576,74,0,normal
2026-05-21 14:44:51.606390,58.6,58.82,274.12,5.66,1066,1584,92,0,normal
2026-05-21 14:49:51.606390,61.46,52.44,286.95,5.17,1142,1374,75,0,normal
2026-05-21 14:54:51.606390,58.12,55.38,289.12,5.29,1182,1664,89,0,normal
2026-05-21 14:59:51.606390,67.06,57.01,258.65,5.2,1043,1495,79,0,normal
2026-05-21 15:04:51.606390,56.66,52.22,275.91,4.33,1055,1605,71,0,normal
2026-05-21 15:09:51.606390,61.16,55.1,266.44,4.06,1114,1365,60,0,normal
2026-05-21 15:14:51.606390,62.13,56.61,288.09,4.28,1015,1478,65,0,normal
2026-05-21 15:19:51.606390,61.47,54.76,278.32,5.74,994,1597,96,0,normal
2026-05-21 15:24:51.606390,59.68,60.47,251.69,7.9,1003,1505,123,0,normal
2026-05-21 15:29:51.606390,59.85,51.39,361.19,4.64,1222,1427,71,0,normal
2026-05-21 15:34:51.606390,60.37,56.85,338.1,3.97,1141,1634,69,0,normal
2026-05-21 15:39:51.606390,59.8,54.39,277.17,4.11,1022,1386,60,0,normal
2026-05-21 15:44:51.606390,63.14,56.27,308.73,4.35,1188,1501,68,0,normal
2026-05-21 15:49:51.606390,66.88,55.61,313.09,4.82,1027,1567,79,0,normal
2026-05-21 15:54:51.606390,58.58,53.26,336.32,4.04,906,1712,74,0,normal
2026-05-21 15:59:51.606390,56.15,55.19,276.04,6.83,1171,1457,104,0,normal
2026-05-21 16:04:51.606390,58.79,50.22,325.32,4.29,1234,1435,65,0,normal
2026-05-21 16:09:51.606390,66.79,55.14,276.14,6.28,1125,1418,91,0,normal
2026-05-21 16:14:51.606390,56.65,54.53,252.51,5.36,880,1487,84,0,normal
2026-05-21 16:19:51.606390,63.98,55.21,314.33,5.25,1067,1522,85,0,normal
2026-05-21 16:24:51.606390,64.1,56.05,331.34,4.77,1042,1572,76,0,normal
2026-05-21 16:29:51.606390,57.4,54.67,370.27,4.83,1107,1539,79,0,normal
2026-05-21 16:34:51.606390,60.77,54.23,256.65,4.86,985,1413,74,0,normal
2026-05-21 16:39:51.606390,63.96,52.17,313.63,4.83,1036,1545,77,0,normal
2026-05-21 16:44:51.606390,57.94,52.51,280.38,4.65,928,1473,70,0,normal
2026-05-21 16:49:51.606390,58.47,56.31,316.19,8.14,1092,1538,127,0,normal
2026-05-21 16:54:51.606390,57.33,56.81,248.59,5.16,931,1544,82,0,normal
2026-05-21 16:59:51.606390,56.04,53.46,254.83,5.34,1113,1627,91,0,normal
2026-05-21 17:04:51.606390,55.17,52.73,256.37,5.71,942,1363,81,0,normal
2026-05-21 17:09:51.606390,53.45,50.83,282.02,3.89,703,1344,53,0,normal
2026-05-21 17:14:51.606390,57.23,54.99,260.44,3.73,1097,1443,59,0,normal
2026-05-21 17:19:51.606390,54.82,53.97,299.45,4.31,1067,1517,67,0,normal
2026-05-21 17:24:51.606390,57.83,56.52,310.5,4.37,1153,1404,64,0,normal
2026-05-21 17:29:51.606390,52.47,50.88,297.7,5.41,809,1523,82,0,normal
2026-05-21 17:34:51.606390,58.13,51.88,328.29,4.23,952,1468,63,0,normal
2026-05-21 17:39:51.606390,59.64,53.1,292.21,4.49,1031,1379,65,0,normal
2026-05-21 17:44:51.606390,51.16,53.93,243.24,4.39,1075,1455,66,0,normal
2026-05-21 17:49:51.606390,58.27,52.21,320.67,3.69,872,1355,52,0,normal
2026-05-21 17:54:51.606390,60.83,50.89,261.62,4.6,1061,1423,68,0,normal
2026-05-21 17:59:51.606390,53.52,54.4,307.1,5.41,961,1292,72,0,normal
2026-05-21 18:04:51.606390,59.53,52.34,309.39,3.56,762,1304,49,0,normal
2026-05-21 18:09:51.606390,55.77,49.07,275.89,4.29,872,1411,65,0,normal
2026-05-21 18:14:51.606390,52.4,53.61,217.32,4.29,999,1388,62,0,normal
2026-05-21 18:19:51.606390,54.35,53.24,234.67,3.56,766,1373,54,0,normal
2026-05-21 18:24:51.606390,56.2,51.17,301.91,3.52,1011,1340,51,0,normal
2026-05-21 18:29:51.606390,54.75,51.06,257.17,7.3,976,1327,101,0,normal
2026-05-21 18:34:51.606390,56.14,52.01,264.65,3.89,922,1185,50,0,normal
2026-05-21 18:39:51.606390,51.77,49.18,285.04,3.64,784,1291,49,0,normal
2026-05-21 18:44:51.606390,55.04,50.96,283.17,3.57,792,1330,50,0,normal
2026-05-21 18:49:51.606390,50.29,46.59,270.66,4.49,908,1199,59,0,normal
2026-05-21 18:54:51.606390,54.2,52.65,256.05,4.33,835,1136,54,0,normal
2026-05-21 18:59:51.606390,51.83,47.78,252.94,4.42,915,1424,64,0,normal
2026-05-21 19:04:51.606390,49.11,51.78,266.58,3.16,953,1209,41,0,normal
2026-05-21 19:09:51.606390,55.03,48.12,257.47,5.31,835,1225,73,0,normal
2026-05-21 19:14:51.606390,54.6,48.35,233.15,3.56,832,1260,48,0,normal
2026-05-21 19:19:51.606390,53.16,47.52,273.35,3.44,832,1106,44,0,normal
2026-05-21 19:24:51.606390,48.05,48.2,237.02,3.69,964,1164,44,0,normal
2026-05-21 19:29:51.606390,50.38,51.62,215.36,3.56,992,1355,51,0,normal
2026-05-21 19:34:51.606390,54.97,43.8,218.15,5.06,905,1156,60,0,normal
2026-05-21 19:39:51.606390,51.76,51.33,211.57,5.72,876,1178,68,0,normal
2026-05-21 19:44:51.606390,58.3,49.45,232.77,3.43,885,1138,41,0,normal
2026-05-21 19:49:51.606390,52.52,46.36,277.96,5.06,1005,1131,60,0,normal
2026-05-21 19:54:51.606390,51.92,46.63,216.81,4.59,910,1315,64,0,normal
2026-05-21 19:59:51.606390,50.42,52.13,246.63,5.74,1015,957,57,0,normal
2026-05-21 20:04:51.606390,48.07,44.47,196.76,70.12,723,1037,727,1,error_spike
2026-05-21 20:09:51.606390,47.22,44.05,208.66,3.56,631,1105,42,0,normal
2026-05-21 20:14:51.606390,49.8,48.63,171.18,3.02,698,1252,43,0,normal
2026-05-21 20:19:51.606390,50.55,47.03,209.87,4.44,708,969,46,0,normal
2026-05-21 20:24:51.606390,45.32,44.48,210.69,2.71,925,952,29,0,normal
2026-05-21 20:29:51.606390,43.69,46.79,232.72,3.54,838,997,37,0,normal
2026-05-21 20:34:51.606390,42.18,44.31,223.22,3.12,701,1153,37,0,normal
2026-05-21 20:39:51.606390,49.21,48.56,180.58,3.09,846,1095,37,0,normal
2026-05-21 20:44:51.606390,44.38,48.48,249.07,3.74,752,938,39,0,normal
2026-05-21 20:49:51.606390,41.23,47.42,222.86,4.61,928,1093,52,0,normal
2026-05-21 20:54:51.606390,48.86,47.08,222.52,3.64,731,1238,46,0,normal
2026-05-21 20:59:51.606390,55.18,49.88,216.3,4.62,611,1109,56,0,normal
2026-05-21 21:04:51.606390,43.69,43.73,174.42,2.62,640,966,27,0,normal
2026-05-21 21:09:51.606390,46.22,41.37,196.49,3.04,625,972,32,0,normal
2026-05-21 21:14:51.606390,43.95,44.63,204.24,2.91,524,991,34,0,normal
2026-05-21 21:19:51.606390,43.41,47.9,137.57,2.32,717,823,20,0,normal
2026-05-21 21:24:51.606390,46.47,41.7,173.83,3.12,801,927,32,0,normal
2026-05-21 21:29:51.606390,42.84,43.01,182.35,3.39,546,932,38,0,normal
2026-05-21 21:34:51.606390,44.52,44.56,197.69,3.21,756,902,33,0,normal
2026-05-21 21:39:51.606390,44.68,43.62,225.82,3.64,598,1019,43,0,normal
2026-05-21 21:44:51.606390,41.72,41.77,166.87,3.16,656,887,28,0,normal
2026-05-21 21:49:51.606390,46.7,45.97,175.1,2.38,646,914,25,0,normal
2026-05-21 21:54:51.606390,87.6,48.37,174.67,2.43,656,824,25,1,cpu_spike
2026-05-21 21:59:51.606390,41.46,44.12,166.01,3.22,706,988,35,0,normal
2026-05-21 22:04:51.606390,41.18,39.19,151.93,2.22,446,906,24,0,normal
2026-05-21 22:09:51.606390,36.88,37.9,185.48,1.98,677,776,16,0,normal
2026-05-21 22:14:51.606390,39.66,41.52,130.75,2.46,598,893,29,0,normal
2026-05-21 22:19:51.606390,39.55,43.21,175.21,2.71,632,797,24,0,normal
2026-05-21 22:24:51.606390,42.84,41.95,111.32,2.3,470,559,17,0,normal
2026-05-21 22:29:51.606390,41.01,41.0,145.55,3.17,437,807,30,0,normal
2026-05-21 22:34:51.606390,39.51,39.82,152.51,2.93,666,794,24,0,normal
2026-05-21 22:39:51.606390,42.04,38.82,212.65,2.3,432,822,22,0,normal
2026-05-21 22:44:51.606390,43.76,42.67,154.17,3.31,563,837,31,0,normal
2026-05-21 22:49:51.606390,41.26,42.83,96.38,2.95,650,744,28,0,normal
2026-05-21 22:54:51.606390,39.62,37.91,102.46,2.91,536,959,32,0,normal
2026-05-21 22:59:51.606390,35.66,44.18,163.46,2.71,665,806,25,0,normal
2026-05-21 23:04:51.606390,36.4,42.15,180.86,1.91,521,792,18,0,normal
2026-05-21 23:09:51.606390,38.68,43.8,173.72,3.09,421,887,30,0,normal
2026-05-21 23:14:51.606390,37.77,38.32,167.49,2.37,586,814,22,0,normal
2026-05-21 23:19:51.606390,39.04,38.27,197.34,4.76,568,1069,55,0,normal
2026-05-21 23:24:51.606390,39.77,40.7,146.29,3.6,817,791,32,0,normal
2026-05-21 23:29:51.606390,41.19,42.01,189.33,2.79,454,848,25,0,normal
2026-05-21 23:34:51.606390,39.4,44.59,113.53,2.19,523,738,20,0,normal
2026-05-21 23:39:51.606390,41.07,42.41,135.35,2.13,475,900,24,0,normal
2026-05-21 23:44:51.606390,39.8,40.51,108.3,2.32,534,843,25,0,normal
2026-05-21 23:49:51.606390,33.69,38.95,154.27,2.55,530,779,23,0,normal
2026-05-21 23:54:51.606390,36.8,43.46,161.14,2.25,461,725,19,0,normal
2026-05-21 23:59:51.606390,39.18,39.07,165.95,2.62,595,682,23,0,normal
2026-05-22 00:04:51.606390,35.99,44.26,164.4,2.08,527,855,21,0,normal
2026-05-22 00:09:51.606390,41.42,40.43,134.72,5.7,683,674,40,0,normal
2026-05-22 00:14:51.606390,44.22,44.18,156.85,2.01,484,944,22,0,normal
2026-05-22 00:19:51.606390,43.28,42.36,117.64,4.59,735,687,243,1,failed_transaction_spike
2026-05-22 00:24:51.606390,38.99,40.73,203.47,4.35,576,795,39,0,normal
2026-05-22 00:29:51.606390,44.1,39.96,153.47,2.65,676,725,24,0,normal
2026-05-22 00:34:51.606390,40.08,40.32,147.92,3.19,560,816,29,0,normal
2026-05-22 00:39:51.606390,38.62,41.86,210.26,2.47,471,816,23,0,normal
2026-05-22 00:44:51.606390,37.79,41.15,125.34,2.89,522,857,26,0,normal
2026-05-22 00:49:51.606390,38.73,39.81,128.84,2.32,410,660,17,0,normal
2026-05-22 00:54:51.606390,38.47,40.67,129.73,2.26,538,737,19,0,normal
2026-05-22 00:59:51.606390,40.15,41.16,160.59,2.76,566,910,31,0,normal
2026-05-22 01:04:51.606390,40.12,36.74,175.58,2.59,553,879,28,0,normal
2026-05-22 01:09:51.606390,39.65,41.92,184.83,2.77,682,563,20,0,normal
2026-05-22 01:14:51.606390,40.96,39.04,239.81,2.24,534,851,25,0,normal
2026-05-22 01:19:51.606390,43.22,38.69,95.18,2.36,360,710,21,0,normal
2026-05-22 01:24:51.606390,42.5,37.63,180.93,1.99,903,754,16,0,normal
2026-05-22 01:29:51.606390,35.2,37.41,145.96,1.95,480,791,21,0,normal
2026-05-22 01:34:51.606390,31.99,38.29,145.09,2.19,646,969,23,0,normal
2026-05-22 01:39:51.606390,42.46,39.58,144.1,1.98,399,709,16,0,normal
2026-05-22 01:44:51.606390,35.56,44.91,135.44,2.01,574,673,17,0,normal
2026-05-22 01:49:51.606390,38.99,39.95,213.24,3.58,470,859,36,0,normal
2026-05-22 01:54:51.606390,36.15,41.36,187.98,1.94,267,811,19,0,normal
2026-05-22 01:59:51.606390,34.26,41.8,163.42,2.98,521,934,31,0,normal
2026-05-22 02:04:51.606390,41.29,41.26,203.26,2.22,544,778,18,0,normal
2026-05-22 02:09:51.606390,41.94,40.85,117.36,60.65,527,935,567,1,error_spike
2026-05-22 02:14:51.606390,37.94,38.61,122.82,2.56,574,815,24,0,normal
2026-05-22 02:19:51.606390,31.9,43.9,97.41,2.26,522,867,21,0,normal
2026-05-22 02:24:51.606390,38.03,44.61,141.78,2.63,556,976,27,0,normal
2026-05-22 02:29:51.606390,40.85,37.63,167.62,2.38,566,797,23,0,normal
2026-05-22 02:34:51.606390,35.24,38.95,165.86,2.73,546,918,27,0,normal
2026-05-22 02:39:51.606390,40.23,40.44,167.27,2.02,532,753,19,0,normal
2026-05-22 02:44:51.606390,39.64,39.07,120.46,7.71,460,837,68,0,normal
2026-05-22 02:49:51.606390,41.42,42.01,186.9,2.45,609,670,17,0,normal
2026-05-22 02:54:51.606390,40.04,39.54,170.0,2.33,521,764,21,0,normal
2026-05-22 02:59:51.606390,36.77,45.33,184.81,3.14,513,708,25,0,normal
2026-05-22 03:04:51.606390,43.28,43.38,106.04,2.35,601,936,23,0,normal
2026-05-22 03:09:51.606390,39.22,41.43,172.18,3.69,571,988,39,0,normal
2026-05-22 03:14:51.606390,39.61,43.05,127.21,2.51,480,779,22,0,normal
2026-05-22 03:19:51.606390,36.89,43.21,150.93,3.17,675,737,28,0,normal
2026-05-22 03:24:51.606390,38.37,39.87,178.89,2.01,431,683,19,0,normal
2026-05-22 03:29:51.606390,37.04,39.37,165.6,3.77,447,841,38,0,normal
2026-05-22 03:34:51.606390,39.18,41.16,137.33,3.23,617,754,27,0,normal
2026-05-22 03:39:51.606390,44.84,42.72,163.07,2.14,725,760,18,0,normal
2026-05-22 03:44:51.606390,35.59,41.28,116.94,2.06,492,977,21,0,normal
2026-05-22 03:49:51.606390,34.87,37.85,197.4,2.28,591,785,20,0,normal
2026-05-22 03:54:51.606390,44.12,39.39,156.75,5.63,431,873,50,0,normal
2026-05-22 03:59:51.606390,39.08,40.85,196.47,63.44,457,820,520,1,error_spike
2026-05-22 04:04:51.606390,37.7,40.85,147.12,2.51,663,679,21,0,normal
2026-05-22 04:09:51.606390,42.83,44.95,147.22,1.93,586,630,16,0,normal
2026-05-22 04:14:51.606390,37.9,38.23,140.01,2.41,666,863,22,0,normal
2026-05-22 04:19:51.606390,45.2,42.01,189.23,2.75,659,985,28,0,normal
2026-05-22 04:24:51.606390,41.75,43.98,141.67,4.96,341,846,47,0,normal
2026-05-22 04:29:51.606390,38.26,45.54,182.3,2.63,430,877,26,0,normal
2026-05-22 04:34:51.606390,46.2,40.19,151.49,3.61,577,724,26,0,normal
2026-05-22 04:39:51.606390,37.91,41.98,103.7,2.69,380,916,33,0,normal
2026-05-22 04:44:51.606390,41.95,42.14,145.87,1.94,445,915,20,0,normal
2026-05-22 04:49:51.606390,40.63,41.39,127.62,2.28,693,745,22,0,normal
2026-05-22 04:54:51.606390,43.64,40.8,164.02,2.76,496,870,27,0,normal
2026-05-22 04:59:51.606390,44.42,41.87,127.3,4.91,621,638,33,0,normal
2026-05-22 05:04:51.606390,39.83,35.94,190.8,3.86,547,887,41,0,normal
2026-05-22 05:09:51.606390,37.48,42.36,160.29,2.16,482,758,16,0,normal
2026-05-22 05:14:51.606390,41.12,41.25,157.7,2.15,384,692,18,0,normal
2026-05-22 05:19:51.606390,37.71,40.56,182.72,2.12,574,855,22,0,normal
2026-05-22 05:24:51.606390,45.78,45.09,191.96,4.46,696,638,32,0,normal
2026-05-22 05:29:51.606390,40.15,39.65,162.45,3.82,485,850,36,0,normal
2026-05-22 05:34:51.606390,38.65,40.19,139.93,3.39,557,702,32,0,normal
2026-05-22 05:39:51.606390,40.3,44.98,109.85,2.4,398,681,20,0,normal
2026-05-22 05:44:51.606390,35.71,39.34,142.5,2.6,483,821,23,0,normal
2026-05-22 05:49:51.606390,36.84,39.9,144.57,2.52,585,798,21,0,normal
2026-05-22 05:54:51.606390,43.36,40.71,166.31,2.19,625,961,23,0,normal
2026-05-22 05:59:51.606390,37.79,42.68,152.75,2.6,606,687,18,0,normal
2026-05-22 06:04:51.606390,36.62,41.42,183.75,1.93,347,953,22,0,normal
2026-05-22 06:09:51.606390,41.37,38.41,144.73,2.04,505,702,17,0,normal
2026-05-22 06:14:51.606390,43.32,39.94,161.42,4.08,454,908,38,0,normal
2026-05-22 06:19:51.606390,41.92,39.79,198.65,3.29,520,926,34,0,normal
2026-05-22 06:24:51.606390,42.75,40.85,173.4,2.45,539,848,27,0,normal
2026-05-22 06:29:51.606390,37.5,41.85,161.35,2.63,657,737,23,0,normal
2026-05-22 06:34:51.606390,35.5,41.84,145.1,2.36,580,663,17,0,normal
2026-05-22 06:39:51.606390,44.28,37.45,144.17,3.25,692,621,21,0,normal
2026-05-22 06:44:51.606390,38.81,43.13,137.66,3.43,481,1001,37,0,normal
2026-05-22 06:49:51.606390,39.02,41.51,146.95,3.34,409,786,29,0,normal
2026-05-22 06:54:51.606390,43.76,43.77,185.86,3.18,696,705,29,0,normal
2026-05-22 06:59:51.606390,41.45,41.89,156.54,2.13,594,702,20,0,normal
2026-05-22 07:04:51.606390,45.33,45.93,150.57,2.72,588,972,33,0,normal
2026-05-22 07:09:51.606390,50.46,44.66,244.12,2.94,706,916,30,0,normal
2026-05-22 07:14:51.606390,42.03,46.42,200.68,2.71,746,763,23,0,normal
2026-05-22 07:19:51.606390,46.75,44.78,148.89,3.72,674,1042,43,0,normal
2026-05-22 07:24:51.606390,44.14,43.54,177.85,2.71,589,989,29,0,normal
2026-05-22 07:29:51.606390,44.78,48.28,194.44,2.46,618,1140,34,0,normal
2026-05-22 07:34:51.606390,48.56,45.51,4352.39,2.82,692,1070,33,1,latency_spike
2026-05-22 07:39:51.606390,45.5,44.88,157.89,6.22,682,646,41,0,normal
2026-05-22 07:44:51.606390,45.59,41.18,220.42,2.57,784,1097,30,0,normal
2026-05-22 07:49:51.606390,47.2,41.15,233.13,3.26,635,1076,41,0,normal
2026-05-22 07:54:51.606390,42.89,44.32,172.3,2.88,566,882,29,0,normal
2026-05-22 07:59:51.606390,41.47,44.02,182.84,2.38,920,913,25,0,normal
2026-05-22 08:04:51.606390,44.87,45.13,186.89,3.37,787,1131,42,0,normal
2026-05-22 08:09:51.606390,42.11,46.64,211.89,3.91,853,989,697,1,failed_transaction_spike
2026-05-22 08:14:51.606390,54.18,49.53,216.91,3.42,822,1066,40,0,normal
2026-05-22 08:19:51.606390,44.7,47.75,237.8,4.76,789,1190,59,0,normal
2026-05-22 08:24:51.606390,47.35,44.08,250.73,3.04,747,71,42,1,transaction_drop
2026-05-22 08:29:51.606390,47.19,46.13,195.59,2.79,490,1024,32,0,normal
2026-05-22 08:34:51.606390,48.94,44.75,159.03,5.46,664,1193,69,0,normal
2026-05-22 08:39:51.606390,50.47,45.58,3363.38,3.18,803,1121,42,1,latency_spike
2026-05-22 08:44:51.606390,50.61,45.53,226.87,3.56,498,1117,44,0,normal
2026-05-22 08:49:51.606390,46.28,45.4,225.56,4.27,777,1039,46,0,normal
2026-05-22 08:54:51.606390,47.53,43.85,208.29,3.1,836,1090,40,0,normal
2026-05-22 08:59:51.606390,48.88,46.1,221.84,3.96,854,1013,42,0,normal
2026-05-22 09:04:51.606390,51.0,47.66,288.29,3.21,929,1020,36,0,normal
2026-05-22 09:09:51.606390,56.57,42.92,254.29,3.41,965,1186,42,0,normal
2026-05-22 09:14:51.606390,53.22,52.88,231.65,3.22,1030,1202,43,0,normal
2026-05-22 09:19:51.606390,53.95,50.96,227.86,4.73,979,1228,64,0,normal
2026-05-22 09:24:51.606390,53.74,48.03,237.78,3.32,889,1336,46,0,normal
2026-05-22 09:29:51.606390,55.28,48.82,291.99,4.33,856,1149,52,0,normal
2026-05-22 09:34:51.606390,52.3,46.43,237.4,5.94,881,1178,76,0,normal
2026-05-22 09:39:51.606390,47.87,52.17,242.32,3.82,842,1291,51,0,normal
2026-05-22 09:44:51.606390,52.96,52.57,228.45,3.84,981,1139,45,0,normal
2026-05-22 09:49:51.606390,49.81,49.09,275.9,3.68,927,1230,51,0,normal
2026-05-22 09:54:51.606390,50.18,50.83,301.74,3.46,832,1174,45,0,normal
2026-05-22 09:59:51.606390,53.53,49.13,256.48,3.71,1002,1190,48,0,normal
2026-05-22 10:04:51.606390,58.74,48.23,267.13,4.31,927,1399,62,0,normal
2026-05-22 10:09:51.606390,55.09,50.08,265.76,7.65,862,1286,99,0,normal
2026-05-22 10:14:51.606390,55.96,51.16,193.14,6.16,955,1402,90,0,normal
2026-05-22 10:19:51.606390,60.14,49.99,287.04,5.37,874,1128,66,0,normal
2026-05-22 10:24:51.606390,55.76,50.46,268.72,5.58,1050,1181,71,0,normal
2026-05-22 10:29:51.606390,62.84,50.72,277.56,4.02,872,1092,46,0,normal
2026-05-22 10:34:51.606390,56.74,50.74,243.38,4.46,945,1207,56,0,normal
2026-05-22 10:39:51.606390,49.76,51.0,253.2,5.64,1051,1509,88,0,normal
2026-05-22 10:44:51.606390,57.31,48.78,252.42,3.88,886,1322,58,0,normal
2026-05-22 10:49:51.606390,56.19,49.47,295.41,6.65,998,1252,86,0,normal
2026-05-22 10:54:51.606390,58.92,48.33,253.41,3.92,860,1402,60,0,normal
2026-05-22 10:59:51.606390,57.07,52.86,327.27,4.3,981,1416,65,0,normal
2026-05-22 11:04:51.606390,57.31,48.43,295.53,4.88,1085,1291,65,0,normal
2026-05-22 11:09:51.606390,54.06,54.95,244.35,6.65,1024,1663,111,0,normal
2026-05-22 11:14:51.606390,57.11,55.41,278.77,3.93,1032,1441,61,0,normal
2026-05-22 11:19:51.606390,55.18,52.04,263.09,5.02,1073,1453,73,0,normal
2026-05-22 11:24:51.606390,56.0,47.43,216.83,4.38,1000,1463,65,0,normal
2026-05-22 11:29:51.606390,59.51,51.92,330.66,3.96,1117,1463,59,0,normal
2026-05-22 11:34:51.606390,62.75,52.51,303.78,5.14,1166,1351,76,0,normal
2026-05-22 11:39:51.606390,58.93,50.62,298.7,4.45,936,1625,74,0,normal
2026-05-22 11:44:51.606390,54.16,51.61,287.67,4.73,1205,1385,72,0,normal
2026-05-22 11:49:51.606390,59.09,55.7,241.27,4.04,998,1509,65,0,normal
2026-05-22 11:54:51.606390,61.34,53.97,268.23,4.3,1228,1366,65,0,normal
2026-05-22 11:59:51.606390,55.93,50.79,308.01,4.61,1000,1349,67,0,normal
2026-05-22 12:04:51.606390,59.34,50.74,264.47,4.36,1152,1670,74,0,normal
2026-05-22 12:09:51.606390,59.79,53.28,220.06,4.06,1152,1469,64,0,normal
2026-05-22 12:14:51.606390,57.4,53.51,289.22,7.1,1043,1477,108,0,normal
2026-05-22 12:19:51.606390,61.7,54.93,291.79,4.56,1089,1509,74,0,normal
2026-05-22 12:24:51.606390,59.39,52.86,300.13,5.16,1226,1740,91,0,normal
2026-05-22 12:29:51.606390,61.02,54.96,317.93,4.37,1050,1697,77,0,normal
2026-05-22 12:34:51.606390,57.1,57.8,315.22,4.28,1040,1609,74,0,normal
2026-05-22 12:39:51.606390,58.45,55.57,303.87,4.36,967,1766,80,0,normal
2026-05-22 12:44:51.606390,61.94,53.84,331.98,4.37,1239,1386,61,0,normal
2026-05-22 12:49:51.606390,58.65,53.57,250.56,4.63,1034,1546,74,0,normal
2026-05-22 12:54:51.606390,64.96,53.22,311.28,4.62,1202,1488,71,0,normal
2026-05-22 12:59:51.606390,58.58,56.3,314.96,4.53,1022,1304,62,0,normal
2026-05-22 13:04:51.606390,61.68,53.48,267.14,4.1,1232,1568,68,0,normal
2026-05-22 13:09:51.606390,63.8,54.82,259.26,4.64,1196,1473,72,0,normal
2026-05-22 13:14:51.606390,56.75,54.83,281.98,4.14,1092,1675,72,0,normal
2026-05-22 13:19:51.606390,55.73,53.73,284.53,4.09,1042,1482,61,0,normal
2026-05-22 13:24:51.606390,56.44,51.99,326.99,6.66,1050,1477,100,0,normal
2026-05-22 13:29:51.606390,64.81,55.38,285.97,4.89,1049,1675,84,0,normal
2026-05-22 13:34:51.606390,59.37,54.61,278.73,5.04,1222,1516,85,0,normal
2026-05-22 13:39:51.606390,68.7,55.73,286.08,4.47,1131,1638,76,0,normal
2026-05-22 13:44:51.606390,59.33,53.66,338.01,6.36,1004,1565,104,0,normal
2026-05-22 13:49:51.606390,61.58,57.17,304.85,4.98,1090,1566,81,0,normal
2026-05-22 13:54:51.606390,65.66,52.98,299.1,5.43,1102,1498,85,0,normal
2026-05-22 13:59:51.606390,67.05,58.16,301.19,4.42,902,1573,72,0,normal
2026-05-22 14:04:51.606390,67.64,51.5,346.02,7.22,1107,1523,110,0,normal
2026-05-22 14:09:51.606390,65.08,55.87,284.8,5.72,1199,1456,84,0,normal
2026-05-22 14:14:51.606390,64.53,55.95,346.76,5.92,1113,1526,90,0,normal
2026-05-22 14:19:51.606390,63.24,53.41,313.62,4.19,1152,1665,72,0,normal
2026-05-22 14:24:51.606390,63.8,55.85,302.51,4.32,1175,1590,74,0,normal
2026-05-22 14:29:51.606390,59.81,57.56,382.36,4.34,1093,1614,73,0,normal
2026-05-22 14:34:51.606390,59.02,50.57,275.68,4.32,1200,1537,69,0,normal
2026-05-22 14:39:51.606390,61.46,56.01,296.76,5.93,1273,1343,82,0,normal
2026-05-22 14:44:51.606390,60.97,50.01,270.41,4.03,975,1415,58,0,normal
2026-05-22 14:49:51.606390,60.12,53.07,335.97,4.08,1093,1508,1047,1,failed_transaction_spike
2026-05-22 14:54:51.606390,63.57,58.26,358.09,4.32,1360,1424,63,0,normal
2026-05-22 14:59:51.606390,64.35,53.84,357.52,4.22,1144,1485,65,0,normal
2026-05-22 15:04:51.606390,61.34,52.38,341.4,4.22,1113,1467,65,0,normal
2026-05-22 15:09:51.606390,65.51,54.34,298.77,5.56,1091,1470,83,0,normal
2026-05-22 15:14:51.606390,57.66,58.87,293.76,4.79,1244,1667,80,0,normal
2026-05-22 15:19:51.606390,60.5,51.07,254.59,3.97,1023,1518,63,0,normal
2026-05-22 15:24:51.606390,58.94,52.63,365.82,4.52,1209,1617,76,0,normal
2026-05-22 15:29:51.606390,55.49,57.73,318.83,4.48,1089,1540,74,0,normal
2026-05-22 15:34:51.606390,60.84,58.45,290.01,4.08,1042,1665,70,0,normal
2026-05-22 15:39:51.606390,85.74,54.52,344.63,5.09,1094,1626,86,1,cpu_spike
2026-05-22 15:44:51.606390,65.64,52.25,275.62,5.17,1112,1465,79,0,normal
2026-05-22 15:49:51.606390,62.99,58.92,317.02,5.24,1067,1720,92,0,normal
2026-05-22 15:54:51.606390,58.03,57.92,299.65,5.26,1228,1479,84,0,normal
2026-05-22 15:59:51.606390,66.67,56.09,324.01,3.96,1043,1544,66,0,normal
2026-05-22 16:04:51.606390,63.55,52.31,294.78,6.92,1098,1521,108,0,normal
2026-05-22 16:09:51.606390,61.63,53.84,253.18,5.52,1138,1532,86,0,normal
2026-05-22 16:14:51.606390,59.21,53.61,298.99,6.18,1097,1563,100,0,normal
2026-05-22 16:19:51.606390,57.02,54.6,328.2,3.86,1162,1408,58,0,normal
2026-05-22 16:24:51.606390,58.78,56.84,295.87,6.56,1041,1555,104,0,normal
2026-05-22 16:29:51.606390,63.17,55.69,320.02,5.5,1147,1542,87,0,normal
2026-05-22 16:34:51.606390,65.56,51.78,265.41,5.66,1150,1484,87,0,normal
2026-05-22 16:39:51.606390,64.53,56.69,296.0,3.94,1181,1465,60,0,normal
2026-05-22 16:44:51.606390,58.44,54.56,3626.04,5.18,896,1403,74,1,latency_spike
2026-05-22 16:49:51.606390,56.55,55.31,319.23,7.06,1136,1532,109,0,normal
2026-05-22 16:54:51.606390,60.34,56.87,297.78,4.98,1175,1418,74,0,normal
2026-05-22 16:59:51.606390,54.61,51.71,317.55,4.69,1044,1508,74,0,normal
2026-05-22 17:04:51.606390,58.9,52.57,316.22,6.56,977,1408,95,0,normal
2026-05-22 17:09:51.606390,89.71,51.58,304.35,4.23,962,1285,54,1,cpu_spike
2026-05-22 17:14:51.606390,56.54,49.5,291.81,4.56,929,1325,64,0,normal
2026-05-22 17:19:51.606390,53.15,53.33,253.68,4.29,1098,1459,66,0,normal
2026-05-22 17:24:51.606390,59.48,57.66,283.56,6.35,1260,1366,92,0,normal
2026-05-22 17:29:51.606390,56.34,48.96,267.67,3.73,976,1362,59,0,normal
2026-05-22 17:34:51.606390,54.44,52.58,273.35,4.34,985,1342,61,0,normal
2026-05-22 17:39:51.606390,49.33,53.92,272.45,4.81,1034,1345,67,0,normal
2026-05-22 17:44:51.606390,57.87,52.89,254.3,5.22,872,1583,88,0,normal
2026-05-22 17:49:51.606390,63.27,52.41,224.99,4.52,963,1307,62,0,normal
2026-05-22 17:54:51.606390,62.94,50.04,263.68,6.04,1027,1566,95,0,normal
2026-05-22 17:59:51.606390,56.59,53.11,289.54,6.49,943,1386,94,0,normal
2026-05-22 18:04:51.606390,53.47,49.39,225.44,3.45,1081,1264,45,0,normal
2026-05-22 18:09:51.606390,56.69,46.52,266.36,3.9,832,1368,54,0,normal
2026-05-22 18:14:51.606390,52.29,53.29,322.91,3.41,1051,1335,48,0,normal
2026-05-22 18:19:51.606390,56.19,52.82,296.61,3.78,1108,1310,51,0,normal
2026-05-22 18:24:51.606390,57.59,51.0,315.24,4.15,999,1352,59,0,normal
2026-05-22 18:29:51.606390,58.98,51.36,277.68,5.8,947,1333,82,0,normal
2026-05-22 18:34:51.606390,55.0,53.05,300.98,5.26,986,1308,73,0,normal
2026-05-22 18:39:51.606390,54.69,51.35,244.25,3.52,917,1423,53,0,normal
2026-05-22 18:44:51.606390,52.67,52.71,246.65,3.48,758,1185,44,0,normal
2026-05-22 18:49:51.606390,52.82,50.3,183.82,4.27,863,1239,57,0,normal
2026-05-22 18:54:51.606390,54.63,53.52,301.59,4.14,960,1251,55,0,normal
2026-05-22 18:59:51.606390,56.41,51.54,312.23,3.69,867,1224,387,1,failed_transaction_spike
2026-05-22 19:04:51.606390,54.78,49.17,227.65,5.36,833,1230,68,0,normal
2026-05-22 19:09:51.606390,49.64,46.24,236.64,5.69,922,1272,75,0,normal
2026-05-22 19:14:51.606390,56.53,49.35,221.65,3.58,889,1025,41,0,normal
2026-05-22 19:19:51.606390,51.24,47.11,255.76,5.28,980,1174,64,0,normal
2026-05-22 19:24:51.606390,51.99,47.5,278.04,3.55,904,1189,50,0,normal
2026-05-22 19:29:51.606390,49.82,47.15,192.02,4.4,910,1193,55,0,normal
2026-05-22 19:34:51.606390,44.79,46.65,256.6,3.71,803,1093,42,0,normal
2026-05-22 19:39:51.606390,54.71,53.03,236.03,3.2,741,1190,46,0,normal
2026-05-22 19:44:51.606390,54.27,51.44,247.74,5.7,833,1131,66,0,normal
2026-05-22 19:49:51.606390,51.22,52.62,258.12,3.67,802,1188,47,0,normal
2026-05-22 19:54:51.606390,52.27,46.33,238.72,4.39,858,1050,47,0,normal
2026-05-22 19:59:51.606390,53.62,48.92,241.27,3.52,768,1189,45,0,normal
2026-05-22 20:04:51.606390,43.66,43.77,213.09,2.72,860,1026,34,0,normal
2026-05-22 20:09:51.606390,46.76,44.97,248.63,2.81,702,1071,33,0,normal
2026-05-22 20:14:51.606390,50.73,44.52,232.09,3.39,739,1128,40,0,normal
2026-05-22 20:19:51.606390,44.59,48.84,226.16,3.87,773,1093,44,0,normal
2026-05-22 20:24:51.606390,49.23,45.57,181.42,3.11,888,1177,39,0,normal
2026-05-22 20:29:51.606390,44.28,48.49,208.2,3.89,951,1062,45,0,normal
2026-05-22 20:34:51.606390,49.76,47.57,246.53,3.9,958,1160,48,0,normal
2026-05-22 20:39:51.606390,48.25,50.96,220.71,3.92,647,1210,48,0,normal
2026-05-22 20:44:51.606390,43.52,43.4,239.38,3.38,738,1125,43,0,normal
2026-05-22 20:49:51.606390,51.86,48.88,272.6,5.17,719,1096,59,0,normal
2026-05-22 20:54:51.606390,46.16,48.65,250.77,3.38,813,1140,41,0,normal
2026-05-22 20:59:51.606390,45.94,44.41,222.42,3.3,807,1129,40,0,normal
2026-05-22 21:04:51.606390,44.92,45.75,177.3,2.53,609,1063,32,0,normal
2026-05-22 21:09:51.606390,47.77,44.4,116.03,2.68,602,1043,32,0,normal
2026-05-22 21:14:51.606390,41.28,43.28,187.59,2.35,568,1044,31,0,normal
2026-05-22 21:19:51.606390,44.51,42.08,182.87,3.31,402,968,36,0,normal
2026-05-22 21:24:51.606390,45.61,42.29,204.38,2.6,538,997,27,0,normal
2026-05-22 21:29:51.606390,46.41,47.83,188.06,2.67,755,996,31,0,normal
2026-05-22 21:34:51.606390,44.86,43.73,183.07,3.78,814,843,34,0,normal
2026-05-22 21:39:51.606390,43.23,45.3,139.31,2.71,803,1070,31,0,normal
2026-05-22 21:44:51.606390,41.85,42.15,164.5,2.59,759,797,26,0,normal
2026-05-22 21:49:51.606390,44.6,42.17,207.01,2.49,567,1035,28,0,normal
2026-05-22 21:54:51.606390,41.12,45.9,244.2,3.8,550,990,40,0,normal
2026-05-22 21:59:51.606390,35.58,41.03,189.8,2.45,487,935,24,0,normal
2026-05-22 22:04:51.606390,41.44,40.17,174.47,2.5,497,862,26,0,normal
2026-05-22 22:09:51.606390,42.84,41.07,193.22,2.61,564,865,25,0,normal
2026-05-22 22:14:51.606390,33.04,41.22,140.32,3.06,455,692,25,0,normal
2026-05-22 22:19:51.606390,37.11,40.64,175.66,2.9,599,965,28,0,normal
2026-05-22 22:24:51.606390,41.99,41.79,142.45,3.56,621,831,33,0,normal
2026-05-22 22:29:51.606390,46.31,42.39,190.62,1.95,508,1055,27,0,normal
2026-05-22 22:34:51.606390,40.2,42.47,169.22,2.25,422,902,23,0,normal
2026-05-22 22:39:51.606390,37.96,39.03,173.64,2.23,694,828,19,0,normal
2026-05-22 22:44:51.606390,39.6,40.43,141.22,2.06,559,754,20,0,normal
2026-05-22 22:49:51.606390,44.27,43.39,185.92,2.24,750,812,18,0,normal
2026-05-22 22:54:51.606390,38.21,42.79,227.26,2.27,565,839,21,0,normal
2026-05-22 22:59:51.606390,37.75,38.25,134.48,2.64,572,970,30,0,normal
2026-05-22 23:04:51.606390,38.7,41.7,154.54,2.99,460,946,29,0,normal
2026-05-22 23:09:51.606390,37.29,37.04,171.69,2.38,514,869,24,0,normal
2026-05-22 23:14:51.606390,40.52,41.09,188.34,3.17,400,1001,37,0,normal
2026-05-22 23:19:51.606390,45.03,44.8,147.97,2.31,422,622,16,0,normal
2026-05-22 23:24:51.606390,41.13,39.1,79.77,2.24,630,870,21,0,normal
2026-05-22 23:29:51.606390,39.41,39.33,205.55,2.68,528,949,30,0,normal
2026-05-22 23:34:51.606390,39.29,42.53,187.59,1.92,514,879,18,0,normal
2026-05-22 23:39:51.606390,35.48,37.91,112.5,1.98,482,691,16,0,normal
2026-05-22 23:44:51.606390,42.82,39.73,146.57,2.44,518,963,26,0,normal
2026-05-22 23:49:51.606390,39.94,42.19,211.85,4.76,670,900,45,0,normal
2026-05-22 23:54:51.606390,39.63,39.73,208.24,3.18,571,858,29,0,normal
2026-05-22 23:59:51.606390,49.75,40.53,192.98,1.99,438,833,18,0,normal
2026-05-23 00:04:51.606390,25.0,26.09,93.61,3.01,437,694,23,0,normal
2026-05-23 00:09:51.606390,21.85,25.44,101.39,2.46,506,539,16,0,normal
2026-05-23 00:14:51.606390,22.83,25.13,94.98,2.08,383,470,13,0,normal
2026-05-23 00:19:51.606390,27.55,23.92,132.76,2.86,423,413,12,0,normal
2026-05-23 00:24:51.606390,24.45,25.34,72.64,1.66,456,570,14,0,normal
2026-05-23 00:29:51.606390,19.8,24.35,74.75,1.39,168,593,15,0,normal
2026-05-23 00:34:51.606390,26.87,25.52,129.23,1.86,520,500,12,0,normal
2026-05-23 00:39:51.606390,89.06,23.61,97.6,1.94,444,439,9,1,cpu_spike
2026-05-23 00:44:51.606390,29.73,24.23,140.29,1.91,383,628,15,0,normal
2026-05-23 00:49:51.606390,27.36,22.62,78.79,1.97,321,406,9,0,normal
2026-05-23 00:54:51.606390,22.78,24.53,97.3,4.11,200,692,31,0,normal
2026-05-23 00:59:51.606390,27.96,22.98,71.28,3.47,301,421,18,0,normal
2026-05-23 01:04:51.606390,24.32,22.37,99.17,3.23,379,367,13,0,normal
2026-05-23 01:09:51.606390,26.68,25.12,54.6,2.76,224,380,15,0,normal
2026-05-23 01:14:51.606390,25.58,25.03,84.33,4.01,327,384,19,0,normal
2026-05-23 01:19:51.606390,21.58,26.17,55.88,1.24,216,471,6,0,normal
2026-05-23 01:24:51.606390,22.19,23.74,119.79,1.45,296,448,9,0,normal
2026-05-23 01:29:51.606390,27.22,25.42,120.47,1.82,199,597,12,0,normal
2026-05-23 01:34:51.606390,23.12,25.7,50.0,3.01,188,583,29,0,normal
2026-05-23 01:39:51.606390,22.92,25.49,139.0,1.84,368,473,9,0,normal
2026-05-23 01:44:51.606390,21.26,22.95,173.91,2.52,276,805,24,0,normal
2026-05-23 01:49:51.606390,25.4,24.9,100.38,1.29,286,471,9,0,normal
2026-05-23 01:54:51.606390,30.32,25.33,79.77,1.43,271,485,10,0,normal
2026-05-23 01:59:51.606390,20.93,24.61,183.73,2.46,606,367,9,0,normal
2026-05-23 02:04:51.606390,24.21,20.43,59.44,1.32,395,487,7,0,normal
2026-05-23 02:09:51.606390,28.37,24.92,99.62,1.57,406,525,12,0,normal
2026-05-23 02:14:51.606390,23.9,29.03,104.41,1.45,257,377,12,0,normal
2026-05-23 02:19:51.606390,25.49,23.88,139.38,1.57,385,445,8,0,normal
2026-05-23 02:24:51.606390,20.95,23.14,109.82,2.37,311,528,13,0,normal
2026-05-23 02:29:51.606390,25.42,25.35,84.07,1.6,256,443,9,0,normal
2026-05-23 02:34:51.606390,23.58,25.22,70.5,1.95,527,422,12,0,normal
2026-05-23 02:39:51.606390,27.1,26.99,88.79,1.25,392,573,9,0,normal
2026-05-23 02:44:51.606390,27.71,22.08,68.84,2.77,387,367,13,0,normal
2026-05-23 02:49:51.606390,31.91,26.06,100.49,1.6,237,386,9,0,normal
2026-05-23 02:54:51.606390,25.88,25.78,82.13,2.19,207,513,12,0,normal
2026-05-23 02:59:51.606390,25.12,24.32,54.24,2.43,329,580,17,0,normal
2026-05-23 03:04:51.606390,24.73,25.28,136.72,1.38,277,526,9,0,normal
2026-05-23 03:09:51.606390,23.09,26.66,84.14,3.3,396,473,20,0,normal
2026-05-23 03:14:51.606390,25.17,26.34,61.03,2.1,402,465,14,0,normal
2026-05-23 03:19:51.606390,23.26,22.31,94.03,1.7,341,596,12,0,normal
2026-05-23 03:24:51.606390,24.66,26.24,101.14,1.34,417,581,9,0,normal
2026-05-23 03:29:51.606390,28.11,24.47,2122.08,3.99,354,500,23,1,latency_spike
2026-05-23 03:34:51.606390,21.13,24.75,109.04,2.55,247,468,14,0,normal
2026-05-23 03:39:51.606390,27.58,24.75,67.69,1.37,315,499,12,0,normal
2026-05-23 03:44:51.606390,28.11,24.3,150.44,1.55,348,423,10,0,normal
2026-05-23 03:49:51.606390,23.8,26.98,114.83,2.8,427,481,16,0,normal
2026-05-23 03:54:51.606390,17.79,24.43,87.12,2.33,357,447,17,0,normal
2026-05-23 03:59:51.606390,22.34,22.36,4416.0,2.59,277,486,17,1,latency_spike
2026-05-23 04:04:51.606390,28.05,23.81,95.97,1.72,431,450,10,0,normal
2026-05-23 04:09:51.606390,24.09,24.96,117.51,2.4,373,548,17,0,normal
2026-05-23 04:14:51.606390,21.17,27.06,98.37,1.63,489,578,12,0,normal
2026-05-23 04:19:51.606390,22.65,25.81,92.62,1.38,343,458,9,0,normal
2026-05-23 04:24:51.606390,26.69,22.9,100.89,2.14,231,415,15,0,normal
2026-05-23 04:29:51.606390,25.81,29.57,81.03,4.87,452,567,30,0,normal
2026-05-23 04:34:51.606390,23.45,25.13,88.86,1.51,277,514,8,0,normal
2026-05-23 04:39:51.606390,23.07,27.15,50.0,1.76,364,459,11,0,normal
2026-05-23 04:44:51.606390,23.0,24.3,128.37,2.26,353,633,17,0,normal
2026-05-23 04:49:51.606390,21.4,25.67,108.13,1.92,339,439,9,0,normal
2026-05-23 04:54:51.606390,29.02,26.28,75.97,2.99,318,297,12,0,normal
2026-05-23 04:59:51.606390,23.21,27.04,156.14,2.57,170,425,11,0,normal
2026-05-23 05:04:51.606390,27.83,26.71,101.79,1.2,235,658,10,0,normal
2026-05-23 05:09:51.606390,28.74,26.34,68.1,7.59,447,464,39,0,normal
2026-05-23 05:14:51.606390,27.17,23.97,124.89,2.54,378,444,17,0,normal
2026-05-23 05:19:51.606390,22.88,23.46,111.14,3.13,526,499,19,0,normal
2026-05-23 05:24:51.606390,25.39,25.27,111.04,2.19,231,597,16,0,normal
2026-05-23 05:29:51.606390,24.11,26.47,86.43,3.08,332,488,15,0,normal
2026-05-23 05:34:51.606390,21.47,24.15,112.72,1.26,451,555,14,0,normal
2026-05-23 05:39:51.606390,25.16,26.73,91.36,1.57,278,477,10,0,normal
2026-05-23 05:44:51.606390,20.65,27.51,115.9,3.23,286,556,22,0,normal
2026-05-23 05:49:51.606390,27.75,22.77,50.0,1.37,306,514,12,0,normal
2026-05-23 05:54:51.606390,22.79,22.93,86.21,1.22,290,456,8,0,normal
2026-05-23 05:59:51.606390,24.79,24.32,150.9,2.69,388,522,14,0,normal
2026-05-23 06:04:51.606390,25.04,25.22,76.23,2.94,157,442,14,0,normal
2026-05-23 06:09:51.606390,23.41,23.55,81.13,1.32,499,358,6,0,normal
2026-05-23 06:14:51.606390,25.95,27.3,85.81,3.07,239,494,17,0,normal
2026-05-23 06:19:51.606390,22.77,25.45,62.81,2.3,123,367,10,0,normal
2026-05-23 06:24:51.606390,26.81,24.68,50.0,1.87,334,556,13,0,normal
2026-05-23 06:29:51.606390,20.16,21.73,92.34,2.91,297,493,16,0,normal
2026-05-23 06:34:51.606390,24.58,21.97,103.34,1.68,317,639,14,0,normal
2026-05-23 06:39:51.606390,30.01,25.16,97.7,1.36,366,463,9,0,normal
2026-05-23 06:44:51.606390,21.2,20.33,94.93,1.48,400,494,13,0,normal
2026-05-23 06:49:51.606390,22.17,26.63,100.57,1.84,504,349,10,0,normal
2026-05-23 06:54:51.606390,25.74,24.28,129.97,1.9,266,386,11,0,normal
2026-05-23 06:59:51.606390,24.74,31.09,93.58,2.78,413,329,10,0,normal
2026-05-23 07:04:51.606390,27.8,30.85,99.02,2.95,474,689,20,0,normal
2026-05-23 07:09:51.606390,28.21,25.88,107.82,2.26,139,535,16,0,normal
2026-05-23 07:14:51.606390,28.65,26.03,133.64,56.82,320,714,405,1,error_spike
2026-05-23 07:19:51.606390,30.08,28.23,158.62,1.6,274,313,12,0,normal
2026-05-23 07:24:51.606390,27.98,29.65,97.42,1.44,448,736,14,0,normal
2026-05-23 07:29:51.606390,26.03,22.96,119.24,3.45,437,575,21,0,normal
2026-05-23 07:34:51.606390,28.77,22.67,126.43,1.46,439,615,10,0,normal
2026-05-23 07:39:51.606390,32.45,24.99,86.51,1.67,372,475,12,0,normal
2026-05-23 07:44:51.606390,26.36,27.4,116.9,2.57,383,634,19,0,normal
2026-05-23 07:49:51.606390,23.83,27.23,72.33,1.91,400,544,14,0,normal
2026-05-23 07:54:51.606390,30.08,28.38,63.23,3.48,363,462,19,0,normal
2026-05-23 07:59:51.606390,26.4,23.84,127.31,1.74,481,461,10,0,normal
2026-05-23 08:04:51.606390,22.69,23.18,121.1,1.63,361,541,9,0,normal
2026-05-23 08:09:51.606390,31.75,29.53,138.7,1.98,390,701,15,0,normal
2026-05-23 08:14:51.606390,27.6,26.16,132.1,2.49,481,600,18,0,normal
2026-05-23 08:19:51.606390,28.94,23.78,103.35,2.09,432,499,13,0,normal
2026-05-23 08:24:51.606390,30.21,28.1,131.29,2.39,358,700,20,0,normal
2026-05-23 08:29:51.606390,29.79,29.4,95.66,3.71,522,446,18,0,normal
2026-05-23 08:34:51.606390,31.34,27.57,174.39,4.06,411,796,38,0,normal
2026-05-23 08:39:51.606390,27.91,26.9,91.99,1.93,384,862,19,0,normal
2026-05-23 08:44:51.606390,30.76,27.5,126.8,2.24,451,532,14,0,normal
2026-05-23 08:49:51.606390,28.44,27.07,101.41,2.42,379,769,24,0,normal
2026-05-23 08:54:51.606390,31.44,25.12,149.8,4.6,465,698,36,0,normal
2026-05-23 08:59:51.606390,31.07,26.39,122.75,8.21,433,613,54,0,normal
2026-05-23 09:04:51.606390,28.67,30.31,132.17,2.11,478,693,17,0,normal
2026-05-23 09:09:51.606390,34.74,29.91,173.34,3.14,478,804,33,0,normal
2026-05-23 09:14:51.606390,29.87,29.6,148.63,2.31,628,735,22,0,normal
2026-05-23 09:19:51.606390,33.91,27.28,163.26,1.85,566,479,14,0,normal
2026-05-23 09:24:51.606390,32.59,28.9,118.32,1.85,358,946,24,0,normal
2026-05-23 09:29:51.606390,37.0,24.91,105.63,2.46,617,782,21,0,normal
2026-05-23 09:34:51.606390,30.82,29.62,150.99,2.51,581,734,20,0,normal
2026-05-23 09:39:51.606390,30.44,32.12,138.22,1.86,575,667,15,0,normal
2026-05-23 09:44:51.606390,31.43,26.32,166.58,3.0,618,720,28,0,normal
2026-05-23 09:49:51.606390,30.58,28.09,145.4,2.19,531,866,21,0,normal
2026-05-23 09:54:51.606390,33.89,29.93,153.96,2.66,591,765,26,0,normal
2026-05-23 09:59:51.606390,26.65,31.77,99.11,2.2,483,777,23,0,normal
2026-05-23 10:04:51.606390,30.32,29.64,217.66,2.21,667,680,19,0,normal
2026-05-23 10:09:51.606390,30.27,29.16,156.09,2.55,604,770,25,0,normal
2026-05-23 10:14:51.606390,36.33,26.6,181.95,2.3,444,810,23,0,normal
2026-05-23 10:19:51.606390,38.61,30.75,135.95,2.8,686,875,26,0,normal
2026-05-23 10:24:51.606390,33.17,34.62,170.28,2.25,569,764,19,0,normal
2026-05-23 10:29:51.606390,32.98,31.09,121.96,2.74,555,898,31,0,normal
2026-05-23 10:34:51.606390,33.7,30.5,174.62,36.05,538,691,249,1,error_spike
2026-05-23 10:39:51.606390,36.97,31.18,150.38,3.14,545,812,28,0,normal
2026-05-23 10:44:51.606390,30.71,30.52,161.95,3.43,605,796,29,0,normal
2026-05-23 10:49:51.606390,34.21,28.91,182.02,2.15,483,654,18,0,normal
2026-05-23 10:54:51.606390,36.42,32.19,124.11,2.66,425,801,24,0,normal
2026-05-23 10:59:51.606390,35.0,30.99,140.56,2.1,476,747,19,0,normal
2026-05-23 11:04:51.606390,35.69,31.62,185.65,3.1,664,1001,37,0,normal
2026-05-23 11:09:51.606390,38.12,29.63,234.89,2.49,609,819,23,0,normal
2026-05-23 11:14:51.606390,27.01,34.19,167.8,2.94,737,895,30,0,normal
2026-05-23 11:19:51.606390,37.16,32.91,189.69,2.92,619,737,25,0,normal
2026-05-23 11:24:51.606390,33.16,30.48,168.75,4.77,710,883,46,0,normal
2026-05-23 11:29:51.606390,29.64,33.59,230.24,2.98,556,818,28,0,normal
2026-05-23 11:34:51.606390,36.66,30.59,119.56,3.06,582,782,29,0,normal
2026-05-23 11:39:51.606390,39.25,30.02,174.83,2.7,627,1143,31,0,normal
2026-05-23 11:44:51.606390,34.72,30.06,123.23,5.17,611,825,46,0,normal
2026-05-23 11:49:51.606390,37.99,28.04,96.81,3.69,602,839,32,0,normal
2026-05-23 11:54:51.606390,39.97,32.53,180.94,2.52,539,950,27,0,normal
2026-05-23 11:59:51.606390,39.08,27.92,176.21,4.05,467,783,42,0,normal
2026-05-23 12:04:51.606390,41.27,29.9,171.54,2.87,721,941,30,0,normal
2026-05-23 12:09:51.606390,38.58,28.21,176.9,4.07,710,951,42,0,normal
2026-05-23 12:14:51.606390,36.58,32.19,273.05,4.04,597,925,39,0,normal
2026-05-23 12:19:51.606390,31.55,32.06,172.36,2.51,696,1130,30,0,normal
2026-05-23 12:24:51.606390,35.62,31.71,2996.33,3.51,642,820,30,1,latency_spike
2026-05-23 12:29:51.606390,33.83,30.28,160.64,2.65,769,1054,32,0,normal
2026-05-23 12:34:51.606390,42.87,30.02,188.99,2.66,527,948,29,0,normal
2026-05-23 12:39:51.606390,35.83,33.29,172.99,2.66,646,992,31,0,normal
2026-05-23 12:44:51.606390,36.73,31.26,167.83,3.6,638,935,40,0,normal
2026-05-23 12:49:51.606390,96.6,32.99,234.73,2.57,674,1089,30,1,cpu_spike
2026-05-23 12:54:51.606390,36.5,30.59,215.48,2.3,812,869,22,0,normal
2026-05-23 12:59:51.606390,41.45,32.72,184.28,3.56,646,951,36,0,normal
2026-05-23 13:04:51.606390,35.25,35.45,116.02,2.56,753,1056,29,0,normal
2026-05-23 13:09:51.606390,37.7,34.01,174.32,2.49,664,870,23,0,normal
2026-05-23 13:14:51.606390,34.89,32.01,266.25,2.65,785,1026,29,0,normal
2026-05-23 13:19:51.606390,33.16,33.35,178.25,2.85,754,924,30,0,normal
2026-05-23 13:24:51.606390,35.28,32.36,218.28,3.02,645,802,28,0,normal
2026-05-23 13:29:51.606390,37.01,32.85,228.45,2.42,638,781,22,0,normal
2026-05-23 13:34:51.606390,35.84,32.19,191.77,5.9,727,917,56,0,normal
2026-05-23 13:39:51.606390,35.05,32.51,159.95,3.63,613,1025,39,0,normal
2026-05-23 13:44:51.606390,32.91,33.26,112.16,2.77,698,718,22,0,normal
2026-05-23 13:49:51.606390,36.88,30.85,205.75,2.76,643,946,27,0,normal
2026-05-23 13:54:51.606390,32.62,30.81,160.79,2.97,715,1015,32,0,normal
2026-05-23 13:59:51.606390,39.41,30.06,190.53,3.36,663,798,30,0,normal
2026-05-23 14:04:51.606390,37.63,29.8,149.43,2.56,616,871,24,0,normal
2026-05-23 14:09:51.606390,33.01,30.57,178.98,2.61,796,992,29,0,normal
2026-05-23 14:14:51.606390,36.46,33.32,187.96,4.36,709,1020,49,0,normal
2026-05-23 14:19:51.606390,35.13,31.21,195.01,2.7,680,1095,35,0,normal
2026-05-23 14:24:51.606390,38.35,34.03,153.52,2.88,728,876,26,0,normal
2026-05-23 14:29:51.606390,41.42,33.07,222.88,4.45,518,853,41,0,normal
2026-05-23 14:34:51.606390,31.77,29.06,169.08,3.49,895,1100,44,0,normal
2026-05-23 14:39:51.606390,37.74,34.31,136.76,2.82,688,859,27,0,normal
2026-05-23 14:44:51.606390,36.92,34.62,183.73,3.55,489,986,38,0,normal
2026-05-23 14:49:51.606390,39.42,31.01,188.04,2.42,805,1153,29,0,normal
2026-05-23 14:54:51.606390,38.04,33.84,191.84,3.73,611,1010,40,0,normal
2026-05-23 14:59:51.606390,35.15,31.29,227.89,3.07,790,1013,31,0,normal
2026-05-23 15:04:51.606390,36.2,33.03,178.27,4.05,691,1055,45,0,normal
2026-05-23 15:09:51.606390,34.77,30.31,181.78,5.47,522,979,58,0,normal
2026-05-23 15:14:51.606390,40.39,29.25,152.28,4.98,705,1006,55,0,normal
2026-05-23 15:19:51.606390,37.22,32.07,210.0,4.78,698,893,49,0,normal
2026-05-23 15:24:51.606390,42.87,32.59,190.92,3.09,794,1043,38,0,normal
2026-05-23 15:29:51.606390,36.98,32.04,172.8,2.82,731,968,33,0,normal
2026-05-23 15:34:51.606390,35.04,30.47,128.27,3.0,555,779,26,0,normal
2026-05-23 15:39:51.606390,32.63,32.04,228.75,3.55,780,951,37,0,normal
2026-05-23 15:44:51.606390,31.76,33.38,148.6,4.53,638,710,37,0,normal
2026-05-23 15:49:51.606390,32.42,32.75,167.7,2.61,851,999,28,0,normal
2026-05-23 15:54:51.606390,37.97,33.2,196.2,4.88,644,904,48,0,normal
2026-05-23 15:59:51.606390,38.7,31.5,4898.22,4.06,658,1118,49,1,latency_spike
2026-05-23 16:04:51.606390,31.69,34.7,135.69,6.16,577,951,63,0,normal
2026-05-23 16:09:51.606390,39.12,30.01,116.79,4.43,610,995,49,0,normal
2026-05-23 16:14:51.606390,34.99,33.34,202.14,2.63,583,798,25,0,normal
2026-05-23 16:19:51.606390,36.88,34.72,164.17,2.42,777,971,29,0,normal
2026-05-23 16:24:51.606390,41.28,33.32,3195.88,2.42,527,839,23,1,latency_spike
2026-05-23 16:29:51.606390,39.13,31.96,150.71,2.65,740,1012,27,0,normal
2026-05-23 16:34:51.606390,35.64,31.3,152.9,3.26,743,791,28,0,normal
2026-05-23 16:39:51.606390,33.77,34.43,163.59,3.94,798,914,41,0,normal
2026-05-23 16:44:51.606390,29.99,29.51,187.86,4.6,664,787,37,0,normal
2026-05-23 16:49:51.606390,34.29,30.42,166.47,3.28,557,915,32,0,normal
2026-05-23 16:54:51.606390,35.82,31.57,198.95,2.31,643,1105,33,0,normal
2026-05-23 16:59:51.606390,33.49,34.84,151.23,2.51,719,975,26,0,normal
2026-05-23 17:04:51.606390,34.85,32.34,131.08,2.29,636,859,25,0,normal
2026-05-23 17:09:51.606390,35.47,29.65,118.59,2.64,664,616,20,0,normal
2026-05-23 17:14:51.606390,34.57,30.96,105.83,2.88,764,809,25,0,normal
2026-05-23 17:19:51.606390,33.3,30.36,157.01,2.23,686,910,22,0,normal
2026-05-23 17:24:51.606390,35.75,30.16,163.53,2.62,648,812,22,0,normal
2026-05-23 17:29:51.606390,36.58,33.54,153.62,2.39,443,1006,24,0,normal
2026-05-23 17:34:51.606390,31.98,28.84,209.87,3.23,549,870,30,0,normal
2026-05-23 17:39:51.606390,39.49,34.8,209.42,2.81,587,971,30,0,normal
2026-05-23 17:44:51.606390,34.96,33.24,162.54,2.87,430,883,28,0,normal
2026-05-23 17:49:51.606390,35.31,33.77,118.78,2.75,517,835,25,0,normal
2026-05-23 17:54:51.606390,37.38,30.66,155.6,5.31,601,816,46,0,normal
2026-05-23 17:59:51.606390,35.96,31.28,154.62,2.43,617,762,21,0,normal
2026-05-23 18:04:51.606390,36.49,27.67,142.03,2.76,635,918,30,0,normal
2026-05-23 18:09:51.606390,34.49,29.49,140.82,3.36,564,766,28,0,normal
2026-05-23 18:14:51.606390,31.8,31.53,142.16,2.84,609,861,27,0,normal
2026-05-23 18:19:51.606390,34.72,33.13,150.18,4.68,543,756,36,0,normal
2026-05-23 18:24:51.606390,30.21,28.33,142.71,2.51,589,701,22,0,normal
2026-05-23 18:29:51.606390,33.96,29.81,168.04,2.65,630,864,23,0,normal
2026-05-23 18:34:51.606390,33.54,30.24,172.61,2.12,732,734,17,0,normal
2026-05-23 18:39:51.606390,33.02,27.75,134.48,2.97,533,769,29,0,normal
2026-05-23 18:44:51.606390,33.26,31.72,199.94,2.37,599,684,19,0,normal
2026-05-23 18:49:51.606390,28.0,29.09,132.42,2.21,672,760,21,0,normal
2026-05-23 18:54:51.606390,32.0,30.15,113.29,2.82,441,812,28,0,normal
2026-05-23 18:59:51.606390,33.93,29.64,173.26,2.79,785,780,30,0,normal
2026-05-23 19:04:51.606390,32.14,27.69,124.06,1.92,650,825,23,0,normal
2026-05-23 19:09:51.606390,28.58,29.25,158.23,3.04,361,758,26,0,normal
2026-05-23 19:14:51.606390,35.46,28.84,76.49,2.82,569,1052,33,0,normal
2026-05-23 19:19:51.606390,29.07,28.52,190.38,2.05,475,785,17,0,normal
2026-05-23 19:24:51.606390,34.58,27.81,168.78,2.47,492,570,21,0,normal
2026-05-23 19:29:51.606390,32.95,29.91,103.61,3.11,567,722,30,0,normal
2026-05-23 19:34:51.606390,29.73,32.57,104.26,2.59,637,731,20,0,normal
2026-05-23 19:39:51.606390,37.0,29.55,198.8,2.34,485,682,21,0,normal
2026-05-23 19:44:51.606390,28.09,31.26,126.52,2.23,487,750,20,0,normal
2026-05-23 19:49:51.606390,34.43,26.49,123.62,2.78,569,679,24,0,normal
2026-05-23 19:54:51.606390,34.68,29.58,80.67,4.64,589,777,38,0,normal
2026-05-23 19:59:51.606390,29.67,27.07,138.14,2.95,431,552,19,0,normal
2026-05-23 20:04:51.606390,33.59,24.86,126.7,1.7,644,782,17,0,normal
2026-05-23 20:09:51.606390,28.66,26.34,155.01,2.24,407,510,17,0,normal
2026-05-23 20:14:51.606390,30.28,30.2,91.58,3.84,568,641,26,0,normal
2026-05-23 20:19:51.606390,30.19,29.71,87.95,1.72,517,595,17,0,normal
2026-05-23 20:24:51.606390,29.01,28.3,147.09,6.12,532,698,46,0,normal
2026-05-23 20:29:51.606390,31.85,24.75,163.77,4.6,409,650,34,0,normal
2026-05-23 20:34:51.606390,31.8,27.42,86.44,1.7,299,693,18,0,normal
2026-05-23 20:39:51.606390,24.17,28.42,166.03,4.33,470,779,36,0,normal
2026-05-23 20:44:51.606390,33.33,28.17,134.71,2.07,470,745,15,0,normal
2026-05-23 20:49:51.606390,24.43,24.13,166.35,3.48,376,672,24,0,normal
2026-05-23 20:54:51.606390,32.52,26.03,131.49,2.16,564,714,19,0,normal
2026-05-23 20:59:51.606390,32.8,27.69,57.94,2.2,467,864,22,0,normal
2026-05-23 21:04:51.606390,23.69,27.31,112.62,2.39,325,666,19,0,normal
2026-05-23 21:09:51.606390,25.73,21.85,148.99,2.88,465,557,20,0,normal
2026-05-23 21:14:51.606390,23.65,25.91,90.38,1.42,467,714,15,0,normal
2026-05-23 21:19:51.606390,26.32,26.52,105.56,2.29,335,625,15,0,normal
2026-05-23 21:24:51.606390,26.04,27.94,111.92,1.59,530,490,15,0,normal
2026-05-23 21:29:51.606390,29.31,27.62,50.0,1.81,631,568,16,0,normal
2026-05-23 21:34:51.606390,30.9,27.4,167.36,1.81,297,439,10,0,normal
2026-05-23 21:39:51.606390,31.16,24.64,90.18,2.02,388,358,10,0,normal
2026-05-23 21:44:51.606390,25.28,22.42,132.4,1.79,440,491,13,0,normal
2026-05-23 21:49:51.606390,26.35,25.45,114.63,1.5,634,598,10,0,normal
2026-05-23 21:54:51.606390,21.92,28.24,154.97,1.54,333,599,13,0,normal
2026-05-23 21:59:51.606390,24.56,29.03,129.42,1.42,312,445,13,0,normal
2026-05-23 22:04:51.606390,27.31,26.02,93.1,66.65,243,263,175,1,error_spike
2026-05-23 22:09:51.606390,29.26,25.46,73.35,4.23,460,648,30,0,normal
2026-05-23 22:14:51.606390,20.71,25.36,124.1,1.26,267,510,7,0,normal
2026-05-23 22:19:51.606390,22.64,23.49,50.0,4.06,253,656,31,0,normal
2026-05-23 22:24:51.606390,24.34,24.34,119.55,2.46,361,651,20,0,normal
2026-05-23 22:29:51.606390,25.26,27.94,67.2,2.15,369,574,14,0,normal
2026-05-23 22:34:51.606390,21.99,22.71,137.75,2.18,445,507,17,0,normal
2026-05-23 22:39:51.606390,25.69,27.83,105.02,2.89,347,461,16,0,normal
2026-05-23 22:44:51.606390,23.0,23.96,119.51,1.25,363,573,11,0,normal
2026-05-23 22:49:51.606390,24.38,27.25,102.65,1.84,328,485,11,0,normal
2026-05-23 22:54:51.606390,26.06,21.79,50.0,2.33,208,442,15,0,normal
2026-05-23 22:59:51.606390,24.44,25.77,74.38,2.02,318,291,9,0,normal
2026-05-23 23:04:51.606390,23.12,23.13,120.38,2.93,344,493,18,0,normal
2026-05-23 23:09:51.606390,24.1,21.77,105.21,1.22,294,611,10,0,normal
2026-05-23 23:14:51.606390,24.16,25.04,135.65,2.31,182,627,18,0,normal
2026-05-23 23:19:51.606390,23.32,26.62,112.32,1.9,225,506,16,0,normal
2026-05-23 23:24:51.606390,23.65,22.91,71.23,1.62,334,412,8,0,normal
2026-05-23 23:29:51.606390,29.23,21.6,76.35,1.56,432,591,13,0,normal
2026-05-23 23:34:51.606390,26.12,24.42,103.33,2.11,507,500,12,0,normal
2026-05-23 23:39:51.606390,23.55,24.43,50.0,3.36,320,465,17,0,normal
2026-05-23 23:44:51.606390,26.53,25.7,150.45,1.83,267,356,10,0,normal
2026-05-23 23:49:51.606390,23.44,26.5,113.5,2.88,301,712,24,0,normal
2026-05-23 23:54:51.606390,27.96,24.48,137.07,1.65,234,575,11,0,normal
2026-05-23 23:59:51.606390,25.55,28.31,52.84,1.25,417,586,9,0,normal
2026-05-24 00:04:51.606390,24.12,25.05,137.6,1.2,552,415,7,0,normal
2026-05-24 00:09:51.606390,25.78,23.91,167.22,1.19,269,509,8,0,normal
2026-05-24 00:14:51.606390,19.73,21.38,60.65,1.62,219,493,11,0,normal
2026-05-24 00:19:51.606390,21.06,24.07,123.42,1.55,439,580,13,0,normal
2026-05-24 00:24:51.606390,20.86,23.93,100.32,2.41,370,637,22,0,normal
2026-05-24 00:29:51.606390,24.87,26.52,53.96,2.5,372,358,11,0,normal
2026-05-24 00:34:51.606390,29.64,25.52,115.08,1.19,497,394,12,0,normal
2026-05-24 00:39:51.606390,31.14,22.24,125.31,1.39,202,566,8,0,normal
2026-05-24 00:44:51.606390,26.36,24.94,82.27,1.46,199,451,10,0,normal
2026-05-24 00:49:51.606390,25.95,25.94,135.29,1.93,322,583,17,0,normal
2026-05-24 00:54:51.606390,19.05,27.66,50.31,1.3,345,464,8,0,normal
2026-05-24 00:59:51.606390,22.82,26.38,55.48,1.28,303,377,6,0,normal
2026-05-24 01:04:51.606390,22.09,26.12,104.42,4.02,585,326,15,0,normal
2026-05-24 01:09:51.606390,22.59,24.72,101.09,2.77,308,550,21,0,normal
2026-05-24 01:14:51.606390,23.95,25.38,78.84,1.34,284,553,10,0,normal
2026-05-24 01:19:51.606390,23.04,27.1,124.63,1.66,351,599,12,0,normal
2026-05-24 01:24:51.606390,18.52,21.93,116.27,1.58,436,535,14,0,normal
2026-05-24 01:29:51.606390,26.7,23.9,126.09,2.71,266,126,6,0,normal
2026-05-24 01:34:51.606390,21.24,23.05,96.66,1.85,324,552,11,0,normal
2026-05-24 01:39:51.606390,25.18,25.36,118.43,1.28,439,356,8,0,normal
2026-05-24 01:44:51.606390,30.69,27.06,86.99,2.48,444,315,12,0,normal
2026-05-24 01:49:51.606390,21.71,23.41,161.98,1.65,361,303,10,0,normal
2026-05-24 01:54:51.606390,16.87,20.0,76.0,1.45,581,294,9,0,normal
2026-05-24 01:59:51.606390,23.61,23.78,163.54,1.61,537,530,10,0,normal
2026-05-24 02:04:51.606390,27.77,26.43,101.43,1.83,198,429,10,0,normal
2026-05-24 02:09:51.606390,30.34,25.68,59.12,1.56,170,350,12,0,normal
2026-05-24 02:14:51.606390,20.78,25.46,141.43,1.42,418,504,10,0,normal
2026-05-24 02:19:51.606390,25.96,24.04,104.17,1.65,475,391,9,0,normal
2026-05-24 02:24:51.606390,23.08,22.04,125.93,1.16,316,600,9,0,normal
2026-05-24 02:29:51.606390,24.16,25.63,137.12,2.62,289,647,19,0,normal
2026-05-24 02:34:51.606390,32.41,22.93,110.55,1.33,257,480,8,0,normal
2026-05-24 02:39:51.606390,19.97,28.97,82.65,1.18,222,640,12,0,normal
2026-05-24 02:44:51.606390,25.24,25.74,129.69,2.2,453,640,20,0,normal
2026-05-24 02:49:51.606390,25.88,23.44,100.45,2.63,301,511,23,0,normal
2026-05-24 02:54:51.606390,27.74,23.38,121.0,2.82,369,675,22,0,normal
2026-05-24 02:59:51.606390,24.77,24.41,50.0,1.82,156,440,11,0,normal
2026-05-24 03:04:51.606390,25.41,24.12,113.85,1.37,439,307,6,0,normal
2026-05-24 03:09:51.606390,23.31,26.83,81.29,2.48,398,347,11,0,normal
2026-05-24 03:14:51.606390,25.29,24.97,150.05,2.34,205,435,16,0,normal
2026-05-24 03:19:51.606390,23.46,23.14,119.15,1.42,365,556,9,0,normal
2026-05-24 03:24:51.606390,26.35,28.38,107.65,3.48,340,387,17,0,normal
2026-05-24 03:29:51.606390,23.38,24.7,115.05,1.25,294,435,11,0,normal
2026-05-24 03:34:51.606390,25.62,26.14,70.51,5.2,50,377,22,0,normal
2026-05-24 03:39:51.606390,24.4,23.38,149.17,3.11,273,437,17,0,normal
2026-05-24 03:44:51.606390,27.87,25.33,160.22,2.3,369,637,16,0,normal
2026-05-24 03:49:51.606390,24.34,25.22,112.27,3.93,284,538,26,0,normal
2026-05-24 03:54:51.606390,19.17,20.82,148.2,2.42,317,445,12,0,normal
2026-05-24 03:59:51.606390,28.28,28.63,83.42,1.35,489,624,11,0,normal
2026-05-24 04:04:51.606390,21.78,27.18,76.58,1.72,331,505,12,0,normal
2026-05-24 04:09:51.606390,22.54,23.81,101.73,1.21,130,516,10,0,normal
2026-05-24 04:14:51.606390,22.71,22.4,113.55,1.63,321,617,12,0,normal
2026-05-24 04:19:51.606390,28.62,25.3,88.69,2.49,349,468,14,0,normal
2026-05-24 04:24:51.606390,18.09,24.77,116.65,1.63,257,594,14,0,normal
2026-05-24 04:29:51.606390,33.91,25.31,109.71,1.54,413,587,9,0,normal
2026-05-24 04:34:51.606390,27.67,24.98,70.57,2.04,193,488,13,0,normal
2026-05-24 04:39:51.606390,25.17,25.61,116.09,3.2,326,363,15,0,normal
2026-05-24 04:44:51.606390,24.34,27.49,126.44,1.19,192,504,13,0,normal
2026-05-24 04:49:51.606390,25.36,25.74,105.68,1.63,310,616,13,0,normal
2026-05-24 04:54:51.606390,26.07,22.5,135.12,1.31,410,585,10,0,normal
2026-05-24 04:59:51.606390,26.44,27.33,64.03,2.33,323,674,18,0,normal
2026-05-24 05:04:51.606390,26.18,27.88,114.59,1.25,317,454,7,0,normal
2026-05-24 05:09:51.606390,24.78,30.9,65.45,2.23,342,581,14,0,normal
2026-05-24 05:14:51.606390,23.92,22.35,67.14,1.48,347,402,9,0,normal
2026-05-24 05:19:51.606390,24.06,25.09,81.64,1.36,409,523,9,0,normal
2026-05-24 05:24:51.606390,23.93,20.44,72.31,3.89,409,613,27,0,normal
2026-05-24 05:29:51.606390,27.92,25.71,84.14,1.16,482,594,13,0,normal
2026-05-24 05:34:51.606390,26.3,23.5,94.16,1.72,356,513,11,0,normal
2026-05-24 05:39:51.606390,15.7,28.45,125.7,1.16,173,476,9,0,normal
2026-05-24 05:44:51.606390,26.49,23.05,90.96,1.8,425,403,9,0,normal
2026-05-24 05:49:51.606390,25.1,21.22,53.03,1.84,474,480,12,0,normal
2026-05-24 05:54:51.606390,24.47,23.66,134.8,1.53,586,372,7,0,normal
2026-05-24 05:59:51.606390,23.36,20.65,75.49,1.28,485,469,7,0,normal
2026-05-24 06:04:51.606390,27.9,26.1,98.85,1.61,291,322,6,0,normal
2026-05-24 06:09:51.606390,27.37,20.47,114.01,2.26,358,371,9,0,normal
2026-05-24 06:14:51.606390,22.21,24.66,106.61,2.67,313,588,19,0,normal
2026-05-24 06:19:51.606390,25.75,20.44,133.45,1.9,299,577,17,0,normal
2026-05-24 06:24:51.606390,21.61,23.96,115.0,2.03,328,474,15,0,normal
2026-05-24 06:29:51.606390,20.39,27.89,74.79,1.36,468,510,10,0,normal
2026-05-24 06:34:51.606390,22.65,25.32,165.99,1.48,181,523,11,0,normal
2026-05-24 06:39:51.606390,27.12,22.87,106.47,1.32,239,549,11,0,normal
2026-05-24 06:44:51.606390,27.39,24.54,96.23,1.43,462,539,10,0,normal
2026-05-24 06:49:51.606390,26.07,24.64,129.57,1.39,485,370,8,0,normal
2026-05-24 06:54:51.606390,26.71,25.55,108.14,1.87,274,259,10,0,normal
2026-05-24 06:59:51.606390,26.08,21.87,112.64,1.97,505,402,14,0,normal
2026-05-24 07:04:51.606390,25.19,27.42,192.62,4.29,506,574,26,0,normal
2026-05-24 07:09:51.606390,28.41,20.83,109.6,1.6,382,685,15,0,normal
2026-05-24 07:14:51.606390,29.52,24.98,108.33,2.41,165,613,18,0,normal
2026-05-24 07:19:51.606390,29.38,25.26,121.36,3.09,242,643,24,0,normal
2026-05-24 07:24:51.606390,30.69,27.51,150.02,2.21,343,500,13,0,normal
2026-05-24 07:29:51.606390,29.25,26.28,72.68,1.68,485,582,15,0,normal
2026-05-24 07:34:51.606390,28.18,23.43,58.92,1.69,485,596,11,0,normal
2026-05-24 07:39:51.606390,30.33,24.27,100.28,1.43,362,514,11,0,normal
2026-05-24 07:44:51.606390,27.05,26.64,68.88,1.75,386,483,13,0,normal
2026-05-24 07:49:51.606390,24.48,26.08,105.16,2.75,405,567,17,0,normal
2026-05-24 07:54:51.606390,26.64,25.08,132.98,1.43,387,656,10,0,normal
2026-05-24 07:59:51.606390,24.89,25.28,91.19,1.63,425,499,12,0,normal
2026-05-24 08:04:51.606390,27.58,29.21,91.65,2.85,472,651,20,0,normal
2026-05-24 08:09:51.606390,29.18,26.78,136.54,3.15,307,808,29,0,normal
2026-05-24 08:14:51.606390,27.24,27.64,4448.26,2.23,454,620,17,1,latency_spike
2026-05-24 08:19:51.606390,28.69,32.15,83.62,2.82,473,673,23,0,normal
2026-05-24 08:24:51.606390,23.94,24.97,159.08,2.11,574,662,19,0,normal
2026-05-24 08:29:51.606390,30.26,24.11,159.0,1.8,392,654,16,0,normal
2026-05-24 08:34:51.606390,29.62,29.38,163.11,2.13,495,839,21,0,normal
2026-05-24 08:39:51.606390,27.17,26.46,171.05,2.49,531,703,23,0,normal
2026-05-24 08:44:51.606390,31.6,27.18,200.56,4.58,460,515,30,0,normal
2026-05-24 08:49:51.606390,32.44,26.25,123.83,1.69,300,825,18,0,normal
2026-05-24 08:54:51.606390,24.8,27.29,137.8,2.33,576,700,18,0,normal
2026-05-24 08:59:51.606390,27.34,31.01,122.03,2.02,550,635,14,0,normal
2026-05-24 09:04:51.606390,29.61,30.87,149.83,2.55,559,884,24,0,normal
2026-05-24 09:09:51.606390,29.1,30.99,195.77,1.86,540,671,14,0,normal
2026-05-24 09:14:51.606390,34.41,26.43,109.44,2.22,358,921,22,0,normal
2026-05-24 09:19:51.606390,31.34,26.96,123.96,3.55,614,758,29,0,normal
2026-05-24 09:24:51.606390,31.13,23.59,191.12,2.65,685,850,25,0,normal
